name,site,location,status,rack_type,description
FR-Agency1-MDF1-R01,FR-Agency1,FR-Agency1-MDF1,active,Standard 42U Rack,42U Main Rack - FR-Agency1-MDF1
FR-Agency1-MDF1-R02,FR-Agency1,FR-Agency1-MDF1,active,Standard 22U Rack,22U Secondary Rack - FR-Agency1-MDF1
FR-Agency1-MDF2-R01,FR-Agency1,FR-Agency1-MDF2,active,Standard 42U Rack,42U Main Rack - FR-Agency1-MDF2
FR-Agency1-MDF2-R02,FR-Agency1,FR-Agency1-MDF2,active,Standard 22U Rack,22U Secondary Rack - FR-Agency1-MDF2
FR-Agency2-MDF1-R01,FR-Agency2,FR-Agency2-MDF1,active,Standard 42U Rack,42U Main Rack - FR-Agency2-MDF1
FR-Agency2-MDF1-R02,FR-Agency2,FR-Agency2-MDF1,active,Standard 22U Rack,22U Secondary Rack - FR-Agency2-MDF1
FR-Agency2-MDF2-R01,FR-Agency2,FR-Agency2-MDF2,active,Standard 42U Rack,42U Main Rack - FR-Agency2-MDF2
FR-Agency2-MDF2-R02,FR-Agency2,FR-Agency2-MDF2,active,Standard 22U Rack,22U Secondary Rack - FR-Agency2-MDF2
DE-Agency1-MDF1-R01,DE-Agency1,DE-Agency1-MDF1,active,Standard 42U Rack,42U Main Rack - DE-Agency1-MDF1
DE-Agency1-MDF1-R02,DE-Agency1,DE-Agency1-MDF1,active,Standard 22U Rack,22U Secondary Rack - DE-Agency1-MDF1
DE-Agency1-MDF2-R01,DE-Agency1,DE-Agency1-MDF2,active,Standard 42U Rack,42U Main Rack - DE-Agency1-MDF2
DE-Agency1-MDF2-R02,DE-Agency1,DE-Agency1-MDF2,active,Standard 22U Rack,22U Secondary Rack - DE-Agency1-MDF2
DE-Agency2-MDF1-R01,DE-Agency2,DE-Agency2-MDF1,active,Standard 42U Rack,42U Main Rack - DE-Agency2-MDF1
DE-Agency2-MDF1-R02,DE-Agency2,DE-Agency2-MDF1,active,Standard 22U Rack,22U Secondary Rack - DE-Agency2-MDF1
DE-Agency2-MDF2-R01,DE-Agency2,DE-Agency2-MDF2,active,Standard 42U Rack,42U Main Rack - DE-Agency2-MDF2
DE-Agency2-MDF2-R02,DE-Agency2,DE-Agency2-MDF2,active,Standard 22U Rack,22U Secondary Rack - DE-Agency2-MDF2
GB-Agency1-MDF1-R01,GB-Agency1,GB-Agency1-MDF1,active,Standard 42U Rack,42U Main Rack - GB-Agency1-MDF1
GB-Agency1-MDF1-R02,GB-Agency1,GB-Agency1-MDF1,active,Standard 22U Rack,22U Secondary Rack - GB-Agency1-MDF1
GB-Agency1-MDF2-R01,GB-Agency1,GB-Agency1-MDF2,active,Standard 42U Rack,42U Main Rack - GB-Agency1-MDF2
GB-Agency1-MDF2-R02,GB-Agency1,GB-Agency1-MDF2,active,Standard 22U Rack,22U Secondary Rack - GB-Agency1-MDF2
GB-Agency2-MDF1-R01,GB-Agency2,GB-Agency2-MDF1,active,Standard 42U Rack,42U Main Rack - GB-Agency2-MDF1
GB-Agency2-MDF1-R02,GB-Agency2,GB-Agency2-MDF1,active,Standard 22U Rack,22U Secondary Rack - GB-Agency2-MDF1
GB-Agency2-MDF2-R01,GB-Agency2,GB-Agency2-MDF2,active,Standard 42U Rack,42U Main Rack - GB-Agency2-MDF2
GB-Agency2-MDF2-R02,GB-Agency2,GB-Agency2-MDF2,active,Standard 22U Rack,22U Secondary Rack - GB-Agency2-MDF2
NL-Agency1-MDF1-R01,NL-Agency1,NL-Agency1-MDF1,active,Standard 42U Rack,42U Main Rack - NL-Agency1-MDF1
NL-Agency1-MDF1-R02,NL-Agency1,NL-Agency1-MDF1,active,Standard 22U Rack,22U Secondary Rack - NL-Agency1-MDF1
NL-Agency1-MDF2-R01,NL-Agency1,NL-Agency1-MDF2,active,Standard 42U Rack,42U Main Rack - NL-Agency1-MDF2
NL-Agency1-MDF2-R02,NL-Agency1,NL-Agency1-MDF2,active,Standard 22U Rack,22U Secondary Rack - NL-Agency1-MDF2
NL-Agency2-MDF1-R01,NL-Agency2,NL-Agency2-MDF1,active,Standard 42U Rack,42U Main Rack - NL-Agency2-MDF1
NL-Agency2-MDF1-R02,NL-Agency2,NL-Agency2-MDF1,active,Standard 22U Rack,22U Secondary Rack - NL-Agency2-MDF1
NL-Agency2-MDF2-R01,NL-Agency2,NL-Agency2-MDF2,active,Standard 42U Rack,42U Main Rack - NL-Agency2-MDF2
NL-Agency2-MDF2-R02,NL-Agency2,NL-Agency2-MDF2,active,Standard 22U Rack,22U Secondary Rack - NL-Agency2-MDF2
BE-Agency1-MDF1-R01,BE-Agency1,BE-Agency1-MDF1,active,Standard 42U Rack,42U Main Rack - BE-Agency1-MDF1
BE-Agency1-MDF1-R02,BE-Agency1,BE-Agency1-MDF1,active,Standard 22U Rack,22U Secondary Rack - BE-Agency1-MDF1
BE-Agency1-MDF2-R01,BE-Agency1,BE-Agency1-MDF2,active,Standard 42U Rack,42U Main Rack - BE-Agency1-MDF2
BE-Agency1-MDF2-R02,BE-Agency1,BE-Agency1-MDF2,active,Standard 22U Rack,22U Secondary Rack - BE-Agency1-MDF2
BE-Agency2-MDF1-R01,BE-Agency2,BE-Agency2-MDF1,active,Standard 42U Rack,42U Main Rack - BE-Agency2-MDF1
BE-Agency2-MDF1-R02,BE-Agency2,BE-Agency2-MDF1,active,Standard 22U Rack,22U Secondary Rack - BE-Agency2-MDF1
BE-Agency2-MDF2-R01,BE-Agency2,BE-Agency2-MDF2,active,Standard 42U Rack,42U Main Rack - BE-Agency2-MDF2
BE-Agency2-MDF2-R02,BE-Agency2,BE-Agency2-MDF2,active,Standard 22U Rack,22U Secondary Rack - BE-Agency2-MDF2
LU-Agency1-MDF1-R01,LU-Agency1,LU-Agency1-MDF1,active,Standard 42U Rack,42U Main Rack - LU-Agency1-MDF1
LU-Agency1-MDF1-R02,LU-Agency1,LU-Agency1-MDF1,active,Standard 22U Rack,22U Secondary Rack - LU-Agency1-MDF1
LU-Agency1-MDF2-R01,LU-Agency1,LU-Agency1-MDF2,active,Standard 42U Rack,42U Main Rack - LU-Agency1-MDF2
LU-Agency1-MDF2-R02,LU-Agency1,LU-Agency1-MDF2,active,Standard 22U Rack,22U Secondary Rack - LU-Agency1-MDF2
LU-Agency2-MDF1-R01,LU-Agency2,LU-Agency2-MDF1,active,Standard 42U Rack,42U Main Rack - LU-Agency2-MDF1
LU-Agency2-MDF1-R02,LU-Agency2,LU-Agency2-MDF1,active,Standard 22U Rack,22U Secondary Rack - LU-Agency2-MDF1
LU-Agency2-MDF2-R01,LU-Agency2,LU-Agency2-MDF2,active,Standard 42U Rack,42U Main Rack - LU-Agency2-MDF2
LU-Agency2-MDF2-R02,LU-Agency2,LU-Agency2-MDF2,active,Standard 22U Rack,22U Secondary Rack - LU-Agency2-MDF2
CH-Agency1-MDF1-R01,CH-Agency1,CH-Agency1-MDF1,active,Standard 42U Rack,42U Main Rack - CH-Agency1-MDF1
CH-Agency1-MDF1-R02,CH-Agency1,CH-Agency1-MDF1,active,Standard 22U Rack,22U Secondary Rack - CH-Agency1-MDF1
CH-Agency1-MDF2-R01,CH-Agency1,CH-Agency1-MDF2,active,Standard 42U Rack,42U Main Rack - CH-Agency1-MDF2
CH-Agency1-MDF2-R02,CH-Agency1,CH-Agency1-MDF2,active,Standard 22U Rack,22U Secondary Rack - CH-Agency1-MDF2
CH-Agency2-MDF1-R01,CH-Agency2,CH-Agency2-MDF1,active,Standard 42U Rack,42U Main Rack - CH-Agency2-MDF1
CH-Agency2-MDF1-R02,CH-Agency2,CH-Agency2-MDF1,active,Standard 22U Rack,22U Secondary Rack - CH-Agency2-MDF1
CH-Agency2-MDF2-R01,CH-Agency2,CH-Agency2-MDF2,active,Standard 42U Rack,42U Main Rack - CH-Agency2-MDF2
CH-Agency2-MDF2-R02,CH-Agency2,CH-Agency2-MDF2,active,Standard 22U Rack,22U Secondary Rack - CH-Agency2-MDF2
AT-Agency1-MDF1-R01,AT-Agency1,AT-Agency1-MDF1,active,Standard 42U Rack,42U Main Rack - AT-Agency1-MDF1
AT-Agency1-MDF1-R02,AT-Agency1,AT-Agency1-MDF1,active,Standard 22U Rack,22U Secondary Rack - AT-Agency1-MDF1
AT-Agency1-MDF2-R01,AT-Agency1,AT-Agency1-MDF2,active,Standard 42U Rack,42U Main Rack - AT-Agency1-MDF2
AT-Agency1-MDF2-R02,AT-Agency1,AT-Agency1-MDF2,active,Standard 22U Rack,22U Secondary Rack - AT-Agency1-MDF2
AT-Agency2-MDF1-R01,AT-Agency2,AT-Agency2-MDF1,active,Standard 42U Rack,42U Main Rack - AT-Agency2-MDF1
AT-Agency2-MDF1-R02,AT-Agency2,AT-Agency2-MDF1,active,Standard 22U Rack,22U Secondary Rack - AT-Agency2-MDF1
AT-Agency2-MDF2-R01,AT-Agency2,AT-Agency2-MDF2,active,Standard 42U Rack,42U Main Rack - AT-Agency2-MDF2
AT-Agency2-MDF2-R02,AT-Agency2,AT-Agency2-MDF2,active,Standard 22U Rack,22U Secondary Rack - AT-Agency2-MDF2
IE-Agency1-MDF1-R01,IE-Agency1,IE-Agency1-MDF1,active,Standard 42U Rack,42U Main Rack - IE-Agency1-MDF1
IE-Agency1-MDF1-R02,IE-Agency1,IE-Agency1-MDF1,active,Standard 22U Rack,22U Secondary Rack - IE-Agency1-MDF1
IE-Agency1-MDF2-R01,IE-Agency1,IE-Agency1-MDF2,active,Standard 42U Rack,42U Main Rack - IE-Agency1-MDF2
IE-Agency1-MDF2-R02,IE-Agency1,IE-Agency1-MDF2,active,Standard 22U Rack,22U Secondary Rack - IE-Agency1-MDF2
IE-Agency2-MDF1-R01,IE-Agency2,IE-Agency2-MDF1,active,Standard 42U Rack,42U Main Rack - IE-Agency2-MDF1
IE-Agency2-MDF1-R02,IE-Agency2,IE-Agency2-MDF1,active,Standard 22U Rack,22U Secondary Rack - IE-Agency2-MDF1
IE-Agency2-MDF2-R01,IE-Agency2,IE-Agency2-MDF2,active,Standard 42U Rack,42U Main Rack - IE-Agency2-MDF2
IE-Agency2-MDF2-R02,IE-Agency2,IE-Agency2-MDF2,active,Standard 22U Rack,22U Secondary Rack - IE-Agency2-MDF2
MC-Agency1-MDF1-R01,MC-Agency1,MC-Agency1-MDF1,active,Standard 42U Rack,42U Main Rack - MC-Agency1-MDF1
MC-Agency1-MDF1-R02,MC-Agency1,MC-Agency1-MDF1,active,Standard 22U Rack,22U Secondary Rack - MC-Agency1-MDF1
MC-Agency1-MDF2-R01,MC-Agency1,MC-Agency1-MDF2,active,Standard 42U Rack,42U Main Rack - MC-Agency1-MDF2
MC-Agency1-MDF2-R02,MC-Agency1,MC-Agency1-MDF2,active,Standard 22U Rack,22U Secondary Rack - MC-Agency1-MDF2
MC-Agency2-MDF1-R01,MC-Agency2,MC-Agency2-MDF1,active,Standard 42U Rack,42U Main Rack - MC-Agency2-MDF1
MC-Agency2-MDF1-R02,MC-Agency2,MC-Agency2-MDF1,active,Standard 22U Rack,22U Secondary Rack - MC-Agency2-MDF1
MC-Agency2-MDF2-R01,MC-Agency2,MC-Agency2-MDF2,active,Standard 42U Rack,42U Main Rack - MC-Agency2-MDF2
MC-Agency2-MDF2-R02,MC-Agency2,MC-Agency2-MDF2,active,Standard 22U Rack,22U Secondary Rack - MC-Agency2-MDF2
ES-Agency1-MDF1-R01,ES-Agency1,ES-Agency1-MDF1,active,Standard 42U Rack,42U Main Rack - ES-Agency1-MDF1
ES-Agency1-MDF1-R02,ES-Agency1,ES-Agency1-MDF1,active,Standard 22U Rack,22U Secondary Rack - ES-Agency1-MDF1
ES-Agency1-MDF2-R01,ES-Agency1,ES-Agency1-MDF2,active,Standard 42U Rack,42U Main Rack - ES-Agency1-MDF2
ES-Agency1-MDF2-R02,ES-Agency1,ES-Agency1-MDF2,active,Standard 22U Rack,22U Secondary Rack - ES-Agency1-MDF2
ES-Agency2-MDF1-R01,ES-Agency2,ES-Agency2-MDF1,active,Standard 42U Rack,42U Main Rack - ES-Agency2-MDF1
ES-Agency2-MDF1-R02,ES-Agency2,ES-Agency2-MDF1,active,Standard 22U Rack,22U Secondary Rack - ES-Agency2-MDF1
ES-Agency2-MDF2-R01,ES-Agency2,ES-Agency2-MDF2,active,Standard 42U Rack,42U Main Rack - ES-Agency2-MDF2
ES-Agency2-MDF2-R02,ES-Agency2,ES-Agency2-MDF2,active,Standard 22U Rack,22U Secondary Rack - ES-Agency2-MDF2
PT-Agency1-MDF1-R01,PT-Agency1,PT-Agency1-MDF1,active,Standard 42U Rack,42U Main Rack - PT-Agency1-MDF1
PT-Agency1-MDF1-R02,PT-Agency1,PT-Agency1-MDF1,active,Standard 22U Rack,22U Secondary Rack - PT-Agency1-MDF1
PT-Agency1-MDF2-R01,PT-Agency1,PT-Agency1-MDF2,active,Standard 42U Rack,42U Main Rack - PT-Agency1-MDF2
PT-Agency1-MDF2-R02,PT-Agency1,PT-Agency1-MDF2,active,Standard 22U Rack,22U Secondary Rack - PT-Agency1-MDF2
PT-Agency2-MDF1-R01,PT-Agency2,PT-Agency2-MDF1,active,Standard 42U Rack,42U Main Rack - PT-Agency2-MDF1
PT-Agency2-MDF1-R02,PT-Agency2,PT-Agency2-MDF1,active,Standard 22U Rack,22U Secondary Rack - PT-Agency2-MDF1
PT-Agency2-MDF2-R01,PT-Agency2,PT-Agency2-MDF2,active,Standard 42U Rack,42U Main Rack - PT-Agency2-MDF2
PT-Agency2-MDF2-R02,PT-Agency2,PT-Agency2-MDF2,active,Standard 22U Rack,22U Secondary Rack - PT-Agency2-MDF2
IT-Agency1-MDF1-R01,IT-Agency1,IT-Agency1-MDF1,active,Standard 42U Rack,42U Main Rack - IT-Agency1-MDF1
IT-Agency1-MDF1-R02,IT-Agency1,IT-Agency1-MDF1,active,Standard 22U Rack,22U Secondary Rack - IT-Agency1-MDF1
IT-Agency1-MDF2-R01,IT-Agency1,IT-Agency1-MDF2,active,Standard 42U Rack,42U Main Rack - IT-Agency1-MDF2
IT-Agency1-MDF2-R02,IT-Agency1,IT-Agency1-MDF2,active,Standard 22U Rack,22U Secondary Rack - IT-Agency1-MDF2
IT-Agency2-MDF1-R01,IT-Agency2,IT-Agency2-MDF1,active,Standard 42U Rack,42U Main Rack - IT-Agency2-MDF1
IT-Agency2-MDF1-R02,IT-Agency2,IT-Agency2-MDF1,active,Standard 22U Rack,22U Secondary Rack - IT-Agency2-MDF1
IT-Agency2-MDF2-R01,IT-Agency2,IT-Agency2-MDF2,active,Standard 42U Rack,42U Main Rack - IT-Agency2-MDF2
IT-Agency2-MDF2-R02,IT-Agency2,IT-Agency2-MDF2,active,Standard 22U Rack,22U Secondary Rack - IT-Agency2-MDF2
GR-Agency1-MDF1-R01,GR-Agency1,GR-Agency1-MDF1,active,Standard 42U Rack,42U Main Rack - GR-Agency1-MDF1
GR-Agency1-MDF1-R02,GR-Agency1,GR-Agency1-MDF1,active,Standard 22U Rack,22U Secondary Rack - GR-Agency1-MDF1
GR-Agency1-MDF2-R01,GR-Agency1,GR-Agency1-MDF2,active,Standard 42U Rack,42U Main Rack - GR-Agency1-MDF2
GR-Agency1-MDF2-R02,GR-Agency1,GR-Agency1-MDF2,active,Standard 22U Rack,22U Secondary Rack - GR-Agency1-MDF2
GR-Agency2-MDF1-R01,GR-Agency2,GR-Agency2-MDF1,active,Standard 42U Rack,42U Main Rack - GR-Agency2-MDF1
GR-Agency2-MDF1-R02,GR-Agency2,GR-Agency2-MDF1,active,Standard 22U Rack,22U Secondary Rack - GR-Agency2-MDF1
GR-Agency2-MDF2-R01,GR-Agency2,GR-Agency2-MDF2,active,Standard 42U Rack,42U Main Rack - GR-Agency2-MDF2
GR-Agency2-MDF2-R02,GR-Agency2,GR-Agency2-MDF2,active,Standard 22U Rack,22U Secondary Rack - GR-Agency2-MDF2
MT-Agency1-MDF1-R01,MT-Agency1,MT-Agency1-MDF1,active,Standard 42U Rack,42U Main Rack - MT-Agency1-MDF1
MT-Agency1-MDF1-R02,MT-Agency1,MT-Agency1-MDF1,active,Standard 22U Rack,22U Secondary Rack - MT-Agency1-MDF1
MT-Agency1-MDF2-R01,MT-Agency1,MT-Agency1-MDF2,active,Standard 42U Rack,42U Main Rack - MT-Agency1-MDF2
MT-Agency1-MDF2-R02,MT-Agency1,MT-Agency1-MDF2,active,Standard 22U Rack,22U Secondary Rack - MT-Agency1-MDF2
MT-Agency2-MDF1-R01,MT-Agency2,MT-Agency2-MDF1,active,Standard 42U Rack,42U Main Rack - MT-Agency2-MDF1
MT-Agency2-MDF1-R02,MT-Agency2,MT-Agency2-MDF1,active,Standard 22U Rack,22U Secondary Rack - MT-Agency2-MDF1
MT-Agency2-MDF2-R01,MT-Agency2,MT-Agency2-MDF2,active,Standard 42U Rack,42U Main Rack - MT-Agency2-MDF2
MT-Agency2-MDF2-R02,MT-Agency2,MT-Agency2-MDF2,active,Standard 22U Rack,22U Secondary Rack - MT-Agency2-MDF2
CY-Agency1-MDF1-R01,CY-Agency1,CY-Agency1-MDF1,active,Standard 42U Rack,42U Main Rack - CY-Agency1-MDF1
CY-Agency1-MDF1-R02,CY-Agency1,CY-Agency1-MDF1,active,Standard 22U Rack,22U Secondary Rack - CY-Agency1-MDF1
CY-Agency1-MDF2-R01,CY-Agency1,CY-Agency1-MDF2,active,Standard 42U Rack,42U Main Rack - CY-Agency1-MDF2
CY-Agency1-MDF2-R02,CY-Agency1,CY-Agency1-MDF2,active,Standard 22U Rack,22U Secondary Rack - CY-Agency1-MDF2
CY-Agency2-MDF1-R01,CY-Agency2,CY-Agency2-MDF1,active,Standard 42U Rack,42U Main Rack - CY-Agency2-MDF1
CY-Agency2-MDF1-R02,CY-Agency2,CY-Agency2-MDF1,active,Standard 22U Rack,22U Secondary Rack - CY-Agency2-MDF1
CY-Agency2-MDF2-R01,CY-Agency2,CY-Agency2-MDF2,active,Standard 42U Rack,42U Main Rack - CY-Agency2-MDF2
CY-Agency2-MDF2-R02,CY-Agency2,CY-Agency2-MDF2,active,Standard 22U Rack,22U Secondary Rack - CY-Agency2-MDF2
AD-Agency1-MDF1-R01,AD-Agency1,AD-Agency1-MDF1,active,Standard 42U Rack,42U Main Rack - AD-Agency1-MDF1
AD-Agency1-MDF1-R02,AD-Agency1,AD-Agency1-MDF1,active,Standard 22U Rack,22U Secondary Rack - AD-Agency1-MDF1
AD-Agency1-MDF2-R01,AD-Agency1,AD-Agency1-MDF2,active,Standard 42U Rack,42U Main Rack - AD-Agency1-MDF2
AD-Agency1-MDF2-R02,AD-Agency1,AD-Agency1-MDF2,active,Standard 22U Rack,22U Secondary Rack - AD-Agency1-MDF2
AD-Agency2-MDF1-R01,AD-Agency2,AD-Agency2-MDF1,active,Standard 42U Rack,42U Main Rack - AD-Agency2-MDF1
AD-Agency2-MDF1-R02,AD-Agency2,AD-Agency2-MDF1,active,Standard 22U Rack,22U Secondary Rack - AD-Agency2-MDF1
AD-Agency2-MDF2-R01,AD-Agency2,AD-Agency2-MDF2,active,Standard 42U Rack,42U Main Rack - AD-Agency2-MDF2
AD-Agency2-MDF2-R02,AD-Agency2,AD-Agency2-MDF2,active,Standard 22U Rack,22U Secondary Rack - AD-Agency2-MDF2
SM-Agency1-MDF1-R01,SM-Agency1,SM-Agency1-MDF1,active,Standard 42U Rack,42U Main Rack - SM-Agency1-MDF1
SM-Agency1-MDF1-R02,SM-Agency1,SM-Agency1-MDF1,active,Standard 22U Rack,22U Secondary Rack - SM-Agency1-MDF1
SM-Agency1-MDF2-R01,SM-Agency1,SM-Agency1-MDF2,active,Standard 42U Rack,42U Main Rack - SM-Agency1-MDF2
SM-Agency1-MDF2-R02,SM-Agency1,SM-Agency1-MDF2,active,Standard 22U Rack,22U Secondary Rack - SM-Agency1-MDF2
SM-Agency2-MDF1-R01,SM-Agency2,SM-Agency2-MDF1,active,Standard 42U Rack,42U Main Rack - SM-Agency2-MDF1
SM-Agency2-MDF1-R02,SM-Agency2,SM-Agency2-MDF1,active,Standard 22U Rack,22U Secondary Rack - SM-Agency2-MDF1
SM-Agency2-MDF2-R01,SM-Agency2,SM-Agency2-MDF2,active,Standard 42U Rack,42U Main Rack - SM-Agency2-MDF2
SM-Agency2-MDF2-R02,SM-Agency2,SM-Agency2-MDF2,active,Standard 22U Rack,22U Secondary Rack - SM-Agency2-MDF2
SE-Agency1-MDF1-R01,SE-Agency1,SE-Agency1-MDF1,active,Standard 42U Rack,42U Main Rack - SE-Agency1-MDF1
SE-Agency1-MDF1-R02,SE-Agency1,SE-Agency1-MDF1,active,Standard 22U Rack,22U Secondary Rack - SE-Agency1-MDF1
SE-Agency1-MDF2-R01,SE-Agency1,SE-Agency1-MDF2,active,Standard 42U Rack,42U Main Rack - SE-Agency1-MDF2
SE-Agency1-MDF2-R02,SE-Agency1,SE-Agency1-MDF2,active,Standard 22U Rack,22U Secondary Rack - SE-Agency1-MDF2
SE-Agency2-MDF1-R01,SE-Agency2,SE-Agency2-MDF1,active,Standard 42U Rack,42U Main Rack - SE-Agency2-MDF1
SE-Agency2-MDF1-R02,SE-Agency2,SE-Agency2-MDF1,active,Standard 22U Rack,22U Secondary Rack - SE-Agency2-MDF1
SE-Agency2-MDF2-R01,SE-Agency2,SE-Agency2-MDF2,active,Standard 42U Rack,42U Main Rack - SE-Agency2-MDF2
SE-Agency2-MDF2-R02,SE-Agency2,SE-Agency2-MDF2,active,Standard 22U Rack,22U Secondary Rack - SE-Agency2-MDF2
NO-Agency1-MDF1-R01,NO-Agency1,NO-Agency1-MDF1,active,Standard 42U Rack,42U Main Rack - NO-Agency1-MDF1
NO-Agency1-MDF1-R02,NO-Agency1,NO-Agency1-MDF1,active,Standard 22U Rack,22U Secondary Rack - NO-Agency1-MDF1
NO-Agency1-MDF2-R01,NO-Agency1,NO-Agency1-MDF2,active,Standard 42U Rack,42U Main Rack - NO-Agency1-MDF2
NO-Agency1-MDF2-R02,NO-Agency1,NO-Agency1-MDF2,active,Standard 22U Rack,22U Secondary Rack - NO-Agency1-MDF2
NO-Agency2-MDF1-R01,NO-Agency2,NO-Agency2-MDF1,active,Standard 42U Rack,42U Main Rack - NO-Agency2-MDF1
NO-Agency2-MDF1-R02,NO-Agency2,NO-Agency2-MDF1,active,Standard 22U Rack,22U Secondary Rack - NO-Agency2-MDF1
NO-Agency2-MDF2-R01,NO-Agency2,NO-Agency2-MDF2,active,Standard 42U Rack,42U Main Rack - NO-Agency2-MDF2
NO-Agency2-MDF2-R02,NO-Agency2,NO-Agency2-MDF2,active,Standard 22U Rack,22U Secondary Rack - NO-Agency2-MDF2
DK-Agency1-MDF1-R01,DK-Agency1,DK-Agency1-MDF1,active,Standard 42U Rack,42U Main Rack - DK-Agency1-MDF1
DK-Agency1-MDF1-R02,DK-Agency1,DK-Agency1-MDF1,active,Standard 22U Rack,22U Secondary Rack - DK-Agency1-MDF1
DK-Agency1-MDF2-R01,DK-Agency1,DK-Agency1-MDF2,active,Standard 42U Rack,42U Main Rack - DK-Agency1-MDF2
DK-Agency1-MDF2-R02,DK-Agency1,DK-Agency1-MDF2,active,Standard 22U Rack,22U Secondary Rack - DK-Agency1-MDF2
DK-Agency2-MDF1-R01,DK-Agency2,DK-Agency2-MDF1,active,Standard 42U Rack,42U Main Rack - DK-Agency2-MDF1
DK-Agency2-MDF1-R02,DK-Agency2,DK-Agency2-MDF1,active,Standard 22U Rack,22U Secondary Rack - DK-Agency2-MDF1
DK-Agency2-MDF2-R01,DK-Agency2,DK-Agency2-MDF2,active,Standard 42U Rack,42U Main Rack - DK-Agency2-MDF2
DK-Agency2-MDF2-R02,DK-Agency2,DK-Agency2-MDF2,active,Standard 22U Rack,22U Secondary Rack - DK-Agency2-MDF2
FI-Agency1-MDF1-R01,FI-Agency1,FI-Agency1-MDF1,active,Standard 42U Rack,42U Main Rack - FI-Agency1-MDF1
FI-Agency1-MDF1-R02,FI-Agency1,FI-Agency1-MDF1,active,Standard 22U Rack,22U Secondary Rack - FI-Agency1-MDF1
FI-Agency1-MDF2-R01,FI-Agency1,FI-Agency1-MDF2,active,Standard 42U Rack,42U Main Rack - FI-Agency1-MDF2
FI-Agency1-MDF2-R02,FI-Agency1,FI-Agency1-MDF2,active,Standard 22U Rack,22U Secondary Rack - FI-Agency1-MDF2
FI-Agency2-MDF1-R01,FI-Agency2,FI-Agency2-MDF1,active,Standard 42U Rack,42U Main Rack - FI-Agency2-MDF1
FI-Agency2-MDF1-R02,FI-Agency2,FI-Agency2-MDF1,active,Standard 22U Rack,22U Secondary Rack - FI-Agency2-MDF1
FI-Agency2-MDF2-R01,FI-Agency2,FI-Agency2-MDF2,active,Standard 42U Rack,42U Main Rack - FI-Agency2-MDF2
FI-Agency2-MDF2-R02,FI-Agency2,FI-Agency2-MDF2,active,Standard 22U Rack,22U Secondary Rack - FI-Agency2-MDF2
IS-Agency1-MDF1-R01,IS-Agency1,IS-Agency1-MDF1,active,Standard 42U Rack,42U Main Rack - IS-Agency1-MDF1
IS-Agency1-MDF1-R02,IS-Agency1,IS-Agency1-MDF1,active,Standard 22U Rack,22U Secondary Rack - IS-Agency1-MDF1
IS-Agency1-MDF2-R01,IS-Agency1,IS-Agency1-MDF2,active,Standard 42U Rack,42U Main Rack - IS-Agency1-MDF2
IS-Agency1-MDF2-R02,IS-Agency1,IS-Agency1-MDF2,active,Standard 22U Rack,22U Secondary Rack - IS-Agency1-MDF2
IS-Agency2-MDF1-R01,IS-Agency2,IS-Agency2-MDF1,active,Standard 42U Rack,42U Main Rack - IS-Agency2-MDF1
IS-Agency2-MDF1-R02,IS-Agency2,IS-Agency2-MDF1,active,Standard 22U Rack,22U Secondary Rack - IS-Agency2-MDF1
IS-Agency2-MDF2-R01,IS-Agency2,IS-Agency2-MDF2,active,Standard 42U Rack,42U Main Rack - IS-Agency2-MDF2
IS-Agency2-MDF2-R02,IS-Agency2,IS-Agency2-MDF2,active,Standard 22U Rack,22U Secondary Rack - IS-Agency2-MDF2
PL-Agency1-MDF1-R01,PL-Agency1,PL-Agency1-MDF1,active,Standard 42U Rack,42U Main Rack - PL-Agency1-MDF1
PL-Agency1-MDF1-R02,PL-Agency1,PL-Agency1-MDF1,active,Standard 22U Rack,22U Secondary Rack - PL-Agency1-MDF1
PL-Agency1-MDF2-R01,PL-Agency1,PL-Agency1-MDF2,active,Standard 42U Rack,42U Main Rack - PL-Agency1-MDF2
PL-Agency1-MDF2-R02,PL-Agency1,PL-Agency1-MDF2,active,Standard 22U Rack,22U Secondary Rack - PL-Agency1-MDF2
PL-Agency2-MDF1-R01,PL-Agency2,PL-Agency2-MDF1,active,Standard 42U Rack,42U Main Rack - PL-Agency2-MDF1
PL-Agency2-MDF1-R02,PL-Agency2,PL-Agency2-MDF1,active,Standard 22U Rack,22U Secondary Rack - PL-Agency2-MDF1
PL-Agency2-MDF2-R01,PL-Agency2,PL-Agency2-MDF2,active,Standard 42U Rack,42U Main Rack - PL-Agency2-MDF2
PL-Agency2-MDF2-R02,PL-Agency2,PL-Agency2-MDF2,active,Standard 22U Rack,22U Secondary Rack - PL-Agency2-MDF2
CZ-Agency1-MDF1-R01,CZ-Agency1,CZ-Agency1-MDF1,active,Standard 42U Rack,42U Main Rack - CZ-Agency1-MDF1
CZ-Agency1-MDF1-R02,CZ-Agency1,CZ-Agency1-MDF1,active,Standard 22U Rack,22U Secondary Rack - CZ-Agency1-MDF1
CZ-Agency1-MDF2-R01,CZ-Agency1,CZ-Agency1-MDF2,active,Standard 42U Rack,42U Main Rack - CZ-Agency1-MDF2
CZ-Agency1-MDF2-R02,CZ-Agency1,CZ-Agency1-MDF2,active,Standard 22U Rack,22U Secondary Rack - CZ-Agency1-MDF2
CZ-Agency2-MDF1-R01,CZ-Agency2,CZ-Agency2-MDF1,active,Standard 42U Rack,42U Main Rack - CZ-Agency2-MDF1
CZ-Agency2-MDF1-R02,CZ-Agency2,CZ-Agency2-MDF1,active,Standard 22U Rack,22U Secondary Rack - CZ-Agency2-MDF1
CZ-Agency2-MDF2-R01,CZ-Agency2,CZ-Agency2-MDF2,active,Standard 42U Rack,42U Main Rack - CZ-Agency2-MDF2
CZ-Agency2-MDF2-R02,CZ-Agency2,CZ-Agency2-MDF2,active,Standard 22U Rack,22U Secondary Rack - CZ-Agency2-MDF2
HU-Agency1-MDF1-R01,HU-Agency1,HU-Agency1-MDF1,active,Standard 42U Rack,42U Main Rack - HU-Agency1-MDF1
HU-Agency1-MDF1-R02,HU-Agency1,HU-Agency1-MDF1,active,Standard 22U Rack,22U Secondary Rack - HU-Agency1-MDF1
HU-Agency1-MDF2-R01,HU-Agency1,HU-Agency1-MDF2,active,Standard 42U Rack,42U Main Rack - HU-Agency1-MDF2
HU-Agency1-MDF2-R02,HU-Agency1,HU-Agency1-MDF2,active,Standard 22U Rack,22U Secondary Rack - HU-Agency1-MDF2
HU-Agency2-MDF1-R01,HU-Agency2,HU-Agency2-MDF1,active,Standard 42U Rack,42U Main Rack - HU-Agency2-MDF1
HU-Agency2-MDF1-R02,HU-Agency2,HU-Agency2-MDF1,active,Standard 22U Rack,22U Secondary Rack - HU-Agency2-MDF1
HU-Agency2-MDF2-R01,HU-Agency2,HU-Agency2-MDF2,active,Standard 42U Rack,42U Main Rack - HU-Agency2-MDF2
HU-Agency2-MDF2-R02,HU-Agency2,HU-Agency2-MDF2,active,Standard 22U Rack,22U Secondary Rack - HU-Agency2-MDF2
RO-Agency1-MDF1-R01,RO-Agency1,RO-Agency1-MDF1,active,Standard 42U Rack,42U Main Rack - RO-Agency1-MDF1
RO-Agency1-MDF1-R02,RO-Agency1,RO-Agency1-MDF1,active,Standard 22U Rack,22U Secondary Rack - RO-Agency1-MDF1
RO-Agency1-MDF2-R01,RO-Agency1,RO-Agency1-MDF2,active,Standard 42U Rack,42U Main Rack - RO-Agency1-MDF2
RO-Agency1-MDF2-R02,RO-Agency1,RO-Agency1-MDF2,active,Standard 22U Rack,22U Secondary Rack - RO-Agency1-MDF2
RO-Agency2-MDF1-R01,RO-Agency2,RO-Agency2-MDF1,active,Standard 42U Rack,42U Main Rack - RO-Agency2-MDF1
RO-Agency2-MDF1-R02,RO-Agency2,RO-Agency2-MDF1,active,Standard 22U Rack,22U Secondary Rack - RO-Agency2-MDF1
RO-Agency2-MDF2-R01,RO-Agency2,RO-Agency2-MDF2,active,Standard 42U Rack,42U Main Rack - RO-Agency2-MDF2
RO-Agency2-MDF2-R02,RO-Agency2,RO-Agency2-MDF2,active,Standard 22U Rack,22U Secondary Rack - RO-Agency2-MDF2
BG-Agency1-MDF1-R01,BG-Agency1,BG-Agency1-MDF1,active,Standard 42U Rack,42U Main Rack - BG-Agency1-MDF1
BG-Agency1-MDF1-R02,BG-Agency1,BG-Agency1-MDF1,active,Standard 22U Rack,22U Secondary Rack - BG-Agency1-MDF1
BG-Agency1-MDF2-R01,BG-Agency1,BG-Agency1-MDF2,active,Standard 42U Rack,42U Main Rack - BG-Agency1-MDF2
BG-Agency1-MDF2-R02,BG-Agency1,BG-Agency1-MDF2,active,Standard 22U Rack,22U Secondary Rack - BG-Agency1-MDF2
BG-Agency2-MDF1-R01,BG-Agency2,BG-Agency2-MDF1,active,Standard 42U Rack,42U Main Rack - BG-Agency2-MDF1
BG-Agency2-MDF1-R02,BG-Agency2,BG-Agency2-MDF1,active,Standard 22U Rack,22U Secondary Rack - BG-Agency2-MDF1
BG-Agency2-MDF2-R01,BG-Agency2,BG-Agency2-MDF2,active,Standard 42U Rack,42U Main Rack - BG-Agency2-MDF2
BG-Agency2-MDF2-R02,BG-Agency2,BG-Agency2-MDF2,active,Standard 22U Rack,22U Secondary Rack - BG-Agency2-MDF2
SK-Agency1-MDF1-R01,SK-Agency1,SK-Agency1-MDF1,active,Standard 42U Rack,42U Main Rack - SK-Agency1-MDF1
SK-Agency1-MDF1-R02,SK-Agency1,SK-Agency1-MDF1,active,Standard 22U Rack,22U Secondary Rack - SK-Agency1-MDF1
SK-Agency1-MDF2-R01,SK-Agency1,SK-Agency1-MDF2,active,Standard 42U Rack,42U Main Rack - SK-Agency1-MDF2
SK-Agency1-MDF2-R02,SK-Agency1,SK-Agency1-MDF2,active,Standard 22U Rack,22U Secondary Rack - SK-Agency1-MDF2
SK-Agency2-MDF1-R01,SK-Agency2,SK-Agency2-MDF1,active,Standard 42U Rack,42U Main Rack - SK-Agency2-MDF1
SK-Agency2-MDF1-R02,SK-Agency2,SK-Agency2-MDF1,active,Standard 22U Rack,22U Secondary Rack - SK-Agency2-MDF1
SK-Agency2-MDF2-R01,SK-Agency2,SK-Agency2-MDF2,active,Standard 42U Rack,42U Main Rack - SK-Agency2-MDF2
SK-Agency2-MDF2-R02,SK-Agency2,SK-Agency2-MDF2,active,Standard 22U Rack,22U Secondary Rack - SK-Agency2-MDF2
SI-Agency1-MDF1-R01,SI-Agency1,SI-Agency1-MDF1,active,Standard 42U Rack,42U Main Rack - SI-Agency1-MDF1
SI-Agency1-MDF1-R02,SI-Agency1,SI-Agency1-MDF1,active,Standard 22U Rack,22U Secondary Rack - SI-Agency1-MDF1
SI-Agency1-MDF2-R01,SI-Agency1,SI-Agency1-MDF2,active,Standard 42U Rack,42U Main Rack - SI-Agency1-MDF2
SI-Agency1-MDF2-R02,SI-Agency1,SI-Agency1-MDF2,active,Standard 22U Rack,22U Secondary Rack - SI-Agency1-MDF2
SI-Agency2-MDF1-R01,SI-Agency2,SI-Agency2-MDF1,active,Standard 42U Rack,42U Main Rack - SI-Agency2-MDF1
SI-Agency2-MDF1-R02,SI-Agency2,SI-Agency2-MDF1,active,Standard 22U Rack,22U Secondary Rack - SI-Agency2-MDF1
SI-Agency2-MDF2-R01,SI-Agency2,SI-Agency2-MDF2,active,Standard 42U Rack,42U Main Rack - SI-Agency2-MDF2
SI-Agency2-MDF2-R02,SI-Agency2,SI-Agency2-MDF2,active,Standard 22U Rack,22U Secondary Rack - SI-Agency2-MDF2
HR-Agency1-MDF1-R01,HR-Agency1,HR-Agency1-MDF1,active,Standard 42U Rack,42U Main Rack - HR-Agency1-MDF1
HR-Agency1-MDF1-R02,HR-Agency1,HR-Agency1-MDF1,active,Standard 22U Rack,22U Secondary Rack - HR-Agency1-MDF1
HR-Agency1-MDF2-R01,HR-Agency1,HR-Agency1-MDF2,active,Standard 42U Rack,42U Main Rack - HR-Agency1-MDF2
HR-Agency1-MDF2-R02,HR-Agency1,HR-Agency1-MDF2,active,Standard 22U Rack,22U Secondary Rack - HR-Agency1-MDF2
HR-Agency2-MDF1-R01,HR-Agency2,HR-Agency2-MDF1,active,Standard 42U Rack,42U Main Rack - HR-Agency2-MDF1
HR-Agency2-MDF1-R02,HR-Agency2,HR-Agency2-MDF1,active,Standard 22U Rack,22U Secondary Rack - HR-Agency2-MDF1
HR-Agency2-MDF2-R01,HR-Agency2,HR-Agency2-MDF2,active,Standard 42U Rack,42U Main Rack - HR-Agency2-MDF2
HR-Agency2-MDF2-R02,HR-Agency2,HR-Agency2-MDF2,active,Standard 22U Rack,22U Secondary Rack - HR-Agency2-MDF2
RS-Agency1-MDF1-R01,RS-Agency1,RS-Agency1-MDF1,active,Standard 42U Rack,42U Main Rack - RS-Agency1-MDF1
RS-Agency1-MDF1-R02,RS-Agency1,RS-Agency1-MDF1,active,Standard 22U Rack,22U Secondary Rack - RS-Agency1-MDF1
RS-Agency1-MDF2-R01,RS-Agency1,RS-Agency1-MDF2,active,Standard 42U Rack,42U Main Rack - RS-Agency1-MDF2
RS-Agency1-MDF2-R02,RS-Agency1,RS-Agency1-MDF2,active,Standard 22U Rack,22U Secondary Rack - RS-Agency1-MDF2
RS-Agency2-MDF1-R01,RS-Agency2,RS-Agency2-MDF1,active,Standard 42U Rack,42U Main Rack - RS-Agency2-MDF1
RS-Agency2-MDF1-R02,RS-Agency2,RS-Agency2-MDF1,active,Standard 22U Rack,22U Secondary Rack - RS-Agency2-MDF1
RS-Agency2-MDF2-R01,RS-Agency2,RS-Agency2-MDF2,active,Standard 42U Rack,42U Main Rack - RS-Agency2-MDF2
RS-Agency2-MDF2-R02,RS-Agency2,RS-Agency2-MDF2,active,Standard 22U Rack,22U Secondary Rack - RS-Agency2-MDF2
UA-Agency1-MDF1-R01,UA-Agency1,UA-Agency1-MDF1,active,Standard 42U Rack,42U Main Rack - UA-Agency1-MDF1
UA-Agency1-MDF1-R02,UA-Agency1,UA-Agency1-MDF1,active,Standard 22U Rack,22U Secondary Rack - UA-Agency1-MDF1
UA-Agency1-MDF2-R01,UA-Agency1,UA-Agency1-MDF2,active,Standard 42U Rack,42U Main Rack - UA-Agency1-MDF2
UA-Agency1-MDF2-R02,UA-Agency1,UA-Agency1-MDF2,active,Standard 22U Rack,22U Secondary Rack - UA-Agency1-MDF2
UA-Agency2-MDF1-R01,UA-Agency2,UA-Agency2-MDF1,active,Standard 42U Rack,42U Main Rack - UA-Agency2-MDF1
UA-Agency2-MDF1-R02,UA-Agency2,UA-Agency2-MDF1,active,Standard 22U Rack,22U Secondary Rack - UA-Agency2-MDF1
UA-Agency2-MDF2-R01,UA-Agency2,UA-Agency2-MDF2,active,Standard 42U Rack,42U Main Rack - UA-Agency2-MDF2
UA-Agency2-MDF2-R02,UA-Agency2,UA-Agency2-MDF2,active,Standard 22U Rack,22U Secondary Rack - UA-Agency2-MDF2
LT-Agency1-MDF1-R01,LT-Agency1,LT-Agency1-MDF1,active,Standard 42U Rack,42U Main Rack - LT-Agency1-MDF1
LT-Agency1-MDF1-R02,LT-Agency1,LT-Agency1-MDF1,active,Standard 22U Rack,22U Secondary Rack - LT-Agency1-MDF1
LT-Agency1-MDF2-R01,LT-Agency1,LT-Agency1-MDF2,active,Standard 42U Rack,42U Main Rack - LT-Agency1-MDF2
LT-Agency1-MDF2-R02,LT-Agency1,LT-Agency1-MDF2,active,Standard 22U Rack,22U Secondary Rack - LT-Agency1-MDF2
LT-Agency2-MDF1-R01,LT-Agency2,LT-Agency2-MDF1,active,Standard 42U Rack,42U Main Rack - LT-Agency2-MDF1
LT-Agency2-MDF1-R02,LT-Agency2,LT-Agency2-MDF1,active,Standard 22U Rack,22U Secondary Rack - LT-Agency2-MDF1
LT-Agency2-MDF2-R01,LT-Agency2,LT-Agency2-MDF2,active,Standard 42U Rack,42U Main Rack - LT-Agency2-MDF2
LT-Agency2-MDF2-R02,LT-Agency2,LT-Agency2-MDF2,active,Standard 22U Rack,22U Secondary Rack - LT-Agency2-MDF2
LV-Agency1-MDF1-R01,LV-Agency1,LV-Agency1-MDF1,active,Standard 42U Rack,42U Main Rack - LV-Agency1-MDF1
LV-Agency1-MDF1-R02,LV-Agency1,LV-Agency1-MDF1,active,Standard 22U Rack,22U Secondary Rack - LV-Agency1-MDF1
LV-Agency1-MDF2-R01,LV-Agency1,LV-Agency1-MDF2,active,Standard 42U Rack,42U Main Rack - LV-Agency1-MDF2
LV-Agency1-MDF2-R02,LV-Agency1,LV-Agency1-MDF2,active,Standard 22U Rack,22U Secondary Rack - LV-Agency1-MDF2
LV-Agency2-MDF1-R01,LV-Agency2,LV-Agency2-MDF1,active,Standard 42U Rack,42U Main Rack - LV-Agency2-MDF1
LV-Agency2-MDF1-R02,LV-Agency2,LV-Agency2-MDF1,active,Standard 22U Rack,22U Secondary Rack - LV-Agency2-MDF1
LV-Agency2-MDF2-R01,LV-Agency2,LV-Agency2-MDF2,active,Standard 42U Rack,42U Main Rack - LV-Agency2-MDF2
LV-Agency2-MDF2-R02,LV-Agency2,LV-Agency2-MDF2,active,Standard 22U Rack,22U Secondary Rack - LV-Agency2-MDF2
EE-Agency1-MDF1-R01,EE-Agency1,EE-Agency1-MDF1,active,Standard 42U Rack,42U Main Rack - EE-Agency1-MDF1
EE-Agency1-MDF1-R02,EE-Agency1,EE-Agency1-MDF1,active,Standard 22U Rack,22U Secondary Rack - EE-Agency1-MDF1
EE-Agency1-MDF2-R01,EE-Agency1,EE-Agency1-MDF2,active,Standard 42U Rack,42U Main Rack - EE-Agency1-MDF2
EE-Agency1-MDF2-R02,EE-Agency1,EE-Agency1-MDF2,active,Standard 22U Rack,22U Secondary Rack - EE-Agency1-MDF2
EE-Agency2-MDF1-R01,EE-Agency2,EE-Agency2-MDF1,active,Standard 42U Rack,42U Main Rack - EE-Agency2-MDF1
EE-Agency2-MDF1-R02,EE-Agency2,EE-Agency2-MDF1,active,Standard 22U Rack,22U Secondary Rack - EE-Agency2-MDF1
EE-Agency2-MDF2-R01,EE-Agency2,EE-Agency2-MDF2,active,Standard 42U Rack,42U Main Rack - EE-Agency2-MDF2
EE-Agency2-MDF2-R02,EE-Agency2,EE-Agency2-MDF2,active,Standard 22U Rack,22U Secondary Rack - EE-Agency2-MDF2
AE-Agency1-MDF1-R01,AE-Agency1,AE-Agency1-MDF1,active,Standard 42U Rack,42U Main Rack - AE-Agency1-MDF1
AE-Agency1-MDF1-R02,AE-Agency1,AE-Agency1-MDF1,active,Standard 22U Rack,22U Secondary Rack - AE-Agency1-MDF1
AE-Agency1-MDF2-R01,AE-Agency1,AE-Agency1-MDF2,active,Standard 42U Rack,42U Main Rack - AE-Agency1-MDF2
AE-Agency1-MDF2-R02,AE-Agency1,AE-Agency1-MDF2,active,Standard 22U Rack,22U Secondary Rack - AE-Agency1-MDF2
AE-Agency2-MDF1-R01,AE-Agency2,AE-Agency2-MDF1,active,Standard 42U Rack,42U Main Rack - AE-Agency2-MDF1
AE-Agency2-MDF1-R02,AE-Agency2,AE-Agency2-MDF1,active,Standard 22U Rack,22U Secondary Rack - AE-Agency2-MDF1
AE-Agency2-MDF2-R01,AE-Agency2,AE-Agency2-MDF2,active,Standard 42U Rack,42U Main Rack - AE-Agency2-MDF2
AE-Agency2-MDF2-R02,AE-Agency2,AE-Agency2-MDF2,active,Standard 22U Rack,22U Secondary Rack - AE-Agency2-MDF2
SA-Agency1-MDF1-R01,SA-Agency1,SA-Agency1-MDF1,active,Standard 42U Rack,42U Main Rack - SA-Agency1-MDF1
SA-Agency1-MDF1-R02,SA-Agency1,SA-Agency1-MDF1,active,Standard 22U Rack,22U Secondary Rack - SA-Agency1-MDF1
SA-Agency1-MDF2-R01,SA-Agency1,SA-Agency1-MDF2,active,Standard 42U Rack,42U Main Rack - SA-Agency1-MDF2
SA-Agency1-MDF2-R02,SA-Agency1,SA-Agency1-MDF2,active,Standard 22U Rack,22U Secondary Rack - SA-Agency1-MDF2
SA-Agency2-MDF1-R01,SA-Agency2,SA-Agency2-MDF1,active,Standard 42U Rack,42U Main Rack - SA-Agency2-MDF1
SA-Agency2-MDF1-R02,SA-Agency2,SA-Agency2-MDF1,active,Standard 22U Rack,22U Secondary Rack - SA-Agency2-MDF1
SA-Agency2-MDF2-R01,SA-Agency2,SA-Agency2-MDF2,active,Standard 42U Rack,42U Main Rack - SA-Agency2-MDF2
SA-Agency2-MDF2-R02,SA-Agency2,SA-Agency2-MDF2,active,Standard 22U Rack,22U Secondary Rack - SA-Agency2-MDF2
QA-Agency1-MDF1-R01,QA-Agency1,QA-Agency1-MDF1,active,Standard 42U Rack,42U Main Rack - QA-Agency1-MDF1
QA-Agency1-MDF1-R02,QA-Agency1,QA-Agency1-MDF1,active,Standard 22U Rack,22U Secondary Rack - QA-Agency1-MDF1
QA-Agency1-MDF2-R01,QA-Agency1,QA-Agency1-MDF2,active,Standard 42U Rack,42U Main Rack - QA-Agency1-MDF2
QA-Agency1-MDF2-R02,QA-Agency1,QA-Agency1-MDF2,active,Standard 22U Rack,22U Secondary Rack - QA-Agency1-MDF2
QA-Agency2-MDF1-R01,QA-Agency2,QA-Agency2-MDF1,active,Standard 42U Rack,42U Main Rack - QA-Agency2-MDF1
QA-Agency2-MDF1-R02,QA-Agency2,QA-Agency2-MDF1,active,Standard 22U Rack,22U Secondary Rack - QA-Agency2-MDF1
QA-Agency2-MDF2-R01,QA-Agency2,QA-Agency2-MDF2,active,Standard 42U Rack,42U Main Rack - QA-Agency2-MDF2
QA-Agency2-MDF2-R02,QA-Agency2,QA-Agency2-MDF2,active,Standard 22U Rack,22U Secondary Rack - QA-Agency2-MDF2
KW-Agency1-MDF1-R01,KW-Agency1,KW-Agency1-MDF1,active,Standard 42U Rack,42U Main Rack - KW-Agency1-MDF1
KW-Agency1-MDF1-R02,KW-Agency1,KW-Agency1-MDF1,active,Standard 22U Rack,22U Secondary Rack - KW-Agency1-MDF1
KW-Agency1-MDF2-R01,KW-Agency1,KW-Agency1-MDF2,active,Standard 42U Rack,42U Main Rack - KW-Agency1-MDF2
KW-Agency1-MDF2-R02,KW-Agency1,KW-Agency1-MDF2,active,Standard 22U Rack,22U Secondary Rack - KW-Agency1-MDF2
KW-Agency2-MDF1-R01,KW-Agency2,KW-Agency2-MDF1,active,Standard 42U Rack,42U Main Rack - KW-Agency2-MDF1
KW-Agency2-MDF1-R02,KW-Agency2,KW-Agency2-MDF1,active,Standard 22U Rack,22U Secondary Rack - KW-Agency2-MDF1
KW-Agency2-MDF2-R01,KW-Agency2,KW-Agency2-MDF2,active,Standard 42U Rack,42U Main Rack - KW-Agency2-MDF2
KW-Agency2-MDF2-R02,KW-Agency2,KW-Agency2-MDF2,active,Standard 22U Rack,22U Secondary Rack - KW-Agency2-MDF2
BH-Agency1-MDF1-R01,BH-Agency1,BH-Agency1-MDF1,active,Standard 42U Rack,42U Main Rack - BH-Agency1-MDF1
BH-Agency1-MDF1-R02,BH-Agency1,BH-Agency1-MDF1,active,Standard 22U Rack,22U Secondary Rack - BH-Agency1-MDF1
BH-Agency1-MDF2-R01,BH-Agency1,BH-Agency1-MDF2,active,Standard 42U Rack,42U Main Rack - BH-Agency1-MDF2
BH-Agency1-MDF2-R02,BH-Agency1,BH-Agency1-MDF2,active,Standard 22U Rack,22U Secondary Rack - BH-Agency1-MDF2
BH-Agency2-MDF1-R01,BH-Agency2,BH-Agency2-MDF1,active,Standard 42U Rack,42U Main Rack - BH-Agency2-MDF1
BH-Agency2-MDF1-R02,BH-Agency2,BH-Agency2-MDF1,active,Standard 22U Rack,22U Secondary Rack - BH-Agency2-MDF1
BH-Agency2-MDF2-R01,BH-Agency2,BH-Agency2-MDF2,active,Standard 42U Rack,42U Main Rack - BH-Agency2-MDF2
BH-Agency2-MDF2-R02,BH-Agency2,BH-Agency2-MDF2,active,Standard 22U Rack,22U Secondary Rack - BH-Agency2-MDF2
OM-Agency1-MDF1-R01,OM-Agency1,OM-Agency1-MDF1,active,Standard 42U Rack,42U Main Rack - OM-Agency1-MDF1
OM-Agency1-MDF1-R02,OM-Agency1,OM-Agency1-MDF1,active,Standard 22U Rack,22U Secondary Rack - OM-Agency1-MDF1
OM-Agency1-MDF2-R01,OM-Agency1,OM-Agency1-MDF2,active,Standard 42U Rack,42U Main Rack - OM-Agency1-MDF2
OM-Agency1-MDF2-R02,OM-Agency1,OM-Agency1-MDF2,active,Standard 22U Rack,22U Secondary Rack - OM-Agency1-MDF2
OM-Agency2-MDF1-R01,OM-Agency2,OM-Agency2-MDF1,active,Standard 42U Rack,42U Main Rack - OM-Agency2-MDF1
OM-Agency2-MDF1-R02,OM-Agency2,OM-Agency2-MDF1,active,Standard 22U Rack,22U Secondary Rack - OM-Agency2-MDF1
OM-Agency2-MDF2-R01,OM-Agency2,OM-Agency2-MDF2,active,Standard 42U Rack,42U Main Rack - OM-Agency2-MDF2
OM-Agency2-MDF2-R02,OM-Agency2,OM-Agency2-MDF2,active,Standard 22U Rack,22U Secondary Rack - OM-Agency2-MDF2
IL-Agency1-MDF1-R01,IL-Agency1,IL-Agency1-MDF1,active,Standard 42U Rack,42U Main Rack - IL-Agency1-MDF1
IL-Agency1-MDF1-R02,IL-Agency1,IL-Agency1-MDF1,active,Standard 22U Rack,22U Secondary Rack - IL-Agency1-MDF1
IL-Agency1-MDF2-R01,IL-Agency1,IL-Agency1-MDF2,active,Standard 42U Rack,42U Main Rack - IL-Agency1-MDF2
IL-Agency1-MDF2-R02,IL-Agency1,IL-Agency1-MDF2,active,Standard 22U Rack,22U Secondary Rack - IL-Agency1-MDF2
IL-Agency2-MDF1-R01,IL-Agency2,IL-Agency2-MDF1,active,Standard 42U Rack,42U Main Rack - IL-Agency2-MDF1
IL-Agency2-MDF1-R02,IL-Agency2,IL-Agency2-MDF1,active,Standard 22U Rack,22U Secondary Rack - IL-Agency2-MDF1
IL-Agency2-MDF2-R01,IL-Agency2,IL-Agency2-MDF2,active,Standard 42U Rack,42U Main Rack - IL-Agency2-MDF2
IL-Agency2-MDF2-R02,IL-Agency2,IL-Agency2-MDF2,active,Standard 22U Rack,22U Secondary Rack - IL-Agency2-MDF2
JO-Agency1-MDF1-R01,JO-Agency1,JO-Agency1-MDF1,active,Standard 42U Rack,42U Main Rack - JO-Agency1-MDF1
JO-Agency1-MDF1-R02,JO-Agency1,JO-Agency1-MDF1,active,Standard 22U Rack,22U Secondary Rack - JO-Agency1-MDF1
JO-Agency1-MDF2-R01,JO-Agency1,JO-Agency1-MDF2,active,Standard 42U Rack,42U Main Rack - JO-Agency1-MDF2
JO-Agency1-MDF2-R02,JO-Agency1,JO-Agency1-MDF2,active,Standard 22U Rack,22U Secondary Rack - JO-Agency1-MDF2
JO-Agency2-MDF1-R01,JO-Agency2,JO-Agency2-MDF1,active,Standard 42U Rack,42U Main Rack - JO-Agency2-MDF1
JO-Agency2-MDF1-R02,JO-Agency2,JO-Agency2-MDF1,active,Standard 22U Rack,22U Secondary Rack - JO-Agency2-MDF1
JO-Agency2-MDF2-R01,JO-Agency2,JO-Agency2-MDF2,active,Standard 42U Rack,42U Main Rack - JO-Agency2-MDF2
JO-Agency2-MDF2-R02,JO-Agency2,JO-Agency2-MDF2,active,Standard 22U Rack,22U Secondary Rack - JO-Agency2-MDF2
LB-Agency1-MDF1-R01,LB-Agency1,LB-Agency1-MDF1,active,Standard 42U Rack,42U Main Rack - LB-Agency1-MDF1
LB-Agency1-MDF1-R02,LB-Agency1,LB-Agency1-MDF1,active,Standard 22U Rack,22U Secondary Rack - LB-Agency1-MDF1
LB-Agency1-MDF2-R01,LB-Agency1,LB-Agency1-MDF2,active,Standard 42U Rack,42U Main Rack - LB-Agency1-MDF2
LB-Agency1-MDF2-R02,LB-Agency1,LB-Agency1-MDF2,active,Standard 22U Rack,22U Secondary Rack - LB-Agency1-MDF2
LB-Agency2-MDF1-R01,LB-Agency2,LB-Agency2-MDF1,active,Standard 42U Rack,42U Main Rack - LB-Agency2-MDF1
LB-Agency2-MDF1-R02,LB-Agency2,LB-Agency2-MDF1,active,Standard 22U Rack,22U Secondary Rack - LB-Agency2-MDF1
LB-Agency2-MDF2-R01,LB-Agency2,LB-Agency2-MDF2,active,Standard 42U Rack,42U Main Rack - LB-Agency2-MDF2
LB-Agency2-MDF2-R02,LB-Agency2,LB-Agency2-MDF2,active,Standard 22U Rack,22U Secondary Rack - LB-Agency2-MDF2
TR-Agency1-MDF1-R01,TR-Agency1,TR-Agency1-MDF1,active,Standard 42U Rack,42U Main Rack - TR-Agency1-MDF1
TR-Agency1-MDF1-R02,TR-Agency1,TR-Agency1-MDF1,active,Standard 22U Rack,22U Secondary Rack - TR-Agency1-MDF1
TR-Agency1-MDF2-R01,TR-Agency1,TR-Agency1-MDF2,active,Standard 42U Rack,42U Main Rack - TR-Agency1-MDF2
TR-Agency1-MDF2-R02,TR-Agency1,TR-Agency1-MDF2,active,Standard 22U Rack,22U Secondary Rack - TR-Agency1-MDF2
TR-Agency2-MDF1-R01,TR-Agency2,TR-Agency2-MDF1,active,Standard 42U Rack,42U Main Rack - TR-Agency2-MDF1
TR-Agency2-MDF1-R02,TR-Agency2,TR-Agency2-MDF1,active,Standard 22U Rack,22U Secondary Rack - TR-Agency2-MDF1
TR-Agency2-MDF2-R01,TR-Agency2,TR-Agency2-MDF2,active,Standard 42U Rack,42U Main Rack - TR-Agency2-MDF2
TR-Agency2-MDF2-R02,TR-Agency2,TR-Agency2-MDF2,active,Standard 22U Rack,22U Secondary Rack - TR-Agency2-MDF2
ZA-Agency1-MDF1-R01,ZA-Agency1,ZA-Agency1-MDF1,active,Standard 42U Rack,42U Main Rack - ZA-Agency1-MDF1
ZA-Agency1-MDF1-R02,ZA-Agency1,ZA-Agency1-MDF1,active,Standard 22U Rack,22U Secondary Rack - ZA-Agency1-MDF1
ZA-Agency1-MDF2-R01,ZA-Agency1,ZA-Agency1-MDF2,active,Standard 42U Rack,42U Main Rack - ZA-Agency1-MDF2
ZA-Agency1-MDF2-R02,ZA-Agency1,ZA-Agency1-MDF2,active,Standard 22U Rack,22U Secondary Rack - ZA-Agency1-MDF2
ZA-Agency2-MDF1-R01,ZA-Agency2,ZA-Agency2-MDF1,active,Standard 42U Rack,42U Main Rack - ZA-Agency2-MDF1
ZA-Agency2-MDF1-R02,ZA-Agency2,ZA-Agency2-MDF1,active,Standard 22U Rack,22U Secondary Rack - ZA-Agency2-MDF1
ZA-Agency2-MDF2-R01,ZA-Agency2,ZA-Agency2-MDF2,active,Standard 42U Rack,42U Main Rack - ZA-Agency2-MDF2
ZA-Agency2-MDF2-R02,ZA-Agency2,ZA-Agency2-MDF2,active,Standard 22U Rack,22U Secondary Rack - ZA-Agency2-MDF2
EG-Agency1-MDF1-R01,EG-Agency1,EG-Agency1-MDF1,active,Standard 42U Rack,42U Main Rack - EG-Agency1-MDF1
EG-Agency1-MDF1-R02,EG-Agency1,EG-Agency1-MDF1,active,Standard 22U Rack,22U Secondary Rack - EG-Agency1-MDF1
EG-Agency1-MDF2-R01,EG-Agency1,EG-Agency1-MDF2,active,Standard 42U Rack,42U Main Rack - EG-Agency1-MDF2
EG-Agency1-MDF2-R02,EG-Agency1,EG-Agency1-MDF2,active,Standard 22U Rack,22U Secondary Rack - EG-Agency1-MDF2
EG-Agency2-MDF1-R01,EG-Agency2,EG-Agency2-MDF1,active,Standard 42U Rack,42U Main Rack - EG-Agency2-MDF1
EG-Agency2-MDF1-R02,EG-Agency2,EG-Agency2-MDF1,active,Standard 22U Rack,22U Secondary Rack - EG-Agency2-MDF1
EG-Agency2-MDF2-R01,EG-Agency2,EG-Agency2-MDF2,active,Standard 42U Rack,42U Main Rack - EG-Agency2-MDF2
EG-Agency2-MDF2-R02,EG-Agency2,EG-Agency2-MDF2,active,Standard 22U Rack,22U Secondary Rack - EG-Agency2-MDF2
MA-Agency1-MDF1-R01,MA-Agency1,MA-Agency1-MDF1,active,Standard 42U Rack,42U Main Rack - MA-Agency1-MDF1
MA-Agency1-MDF1-R02,MA-Agency1,MA-Agency1-MDF1,active,Standard 22U Rack,22U Secondary Rack - MA-Agency1-MDF1
MA-Agency1-MDF2-R01,MA-Agency1,MA-Agency1-MDF2,active,Standard 42U Rack,42U Main Rack - MA-Agency1-MDF2
MA-Agency1-MDF2-R02,MA-Agency1,MA-Agency1-MDF2,active,Standard 22U Rack,22U Secondary Rack - MA-Agency1-MDF2
MA-Agency2-MDF1-R01,MA-Agency2,MA-Agency2-MDF1,active,Standard 42U Rack,42U Main Rack - MA-Agency2-MDF1
MA-Agency2-MDF1-R02,MA-Agency2,MA-Agency2-MDF1,active,Standard 22U Rack,22U Secondary Rack - MA-Agency2-MDF1
MA-Agency2-MDF2-R01,MA-Agency2,MA-Agency2-MDF2,active,Standard 42U Rack,42U Main Rack - MA-Agency2-MDF2
MA-Agency2-MDF2-R02,MA-Agency2,MA-Agency2-MDF2,active,Standard 22U Rack,22U Secondary Rack - MA-Agency2-MDF2
NG-Agency1-MDF1-R01,NG-Agency1,NG-Agency1-MDF1,active,Standard 42U Rack,42U Main Rack - NG-Agency1-MDF1
NG-Agency1-MDF1-R02,NG-Agency1,NG-Agency1-MDF1,active,Standard 22U Rack,22U Secondary Rack - NG-Agency1-MDF1
NG-Agency1-MDF2-R01,NG-Agency1,NG-Agency1-MDF2,active,Standard 42U Rack,42U Main Rack - NG-Agency1-MDF2
NG-Agency1-MDF2-R02,NG-Agency1,NG-Agency1-MDF2,active,Standard 22U Rack,22U Secondary Rack - NG-Agency1-MDF2
NG-Agency2-MDF1-R01,NG-Agency2,NG-Agency2-MDF1,active,Standard 42U Rack,42U Main Rack - NG-Agency2-MDF1
NG-Agency2-MDF1-R02,NG-Agency2,NG-Agency2-MDF1,active,Standard 22U Rack,22U Secondary Rack - NG-Agency2-MDF1
NG-Agency2-MDF2-R01,NG-Agency2,NG-Agency2-MDF2,active,Standard 42U Rack,42U Main Rack - NG-Agency2-MDF2
NG-Agency2-MDF2-R02,NG-Agency2,NG-Agency2-MDF2,active,Standard 22U Rack,22U Secondary Rack - NG-Agency2-MDF2
KE-Agency1-MDF1-R01,KE-Agency1,KE-Agency1-MDF1,active,Standard 42U Rack,42U Main Rack - KE-Agency1-MDF1
KE-Agency1-MDF1-R02,KE-Agency1,KE-Agency1-MDF1,active,Standard 22U Rack,22U Secondary Rack - KE-Agency1-MDF1
KE-Agency1-MDF2-R01,KE-Agency1,KE-Agency1-MDF2,active,Standard 42U Rack,42U Main Rack - KE-Agency1-MDF2
KE-Agency1-MDF2-R02,KE-Agency1,KE-Agency1-MDF2,active,Standard 22U Rack,22U Secondary Rack - KE-Agency1-MDF2
KE-Agency2-MDF1-R01,KE-Agency2,KE-Agency2-MDF1,active,Standard 42U Rack,42U Main Rack - KE-Agency2-MDF1
KE-Agency2-MDF1-R02,KE-Agency2,KE-Agency2-MDF1,active,Standard 22U Rack,22U Secondary Rack - KE-Agency2-MDF1
KE-Agency2-MDF2-R01,KE-Agency2,KE-Agency2-MDF2,active,Standard 42U Rack,42U Main Rack - KE-Agency2-MDF2
KE-Agency2-MDF2-R02,KE-Agency2,KE-Agency2-MDF2,active,Standard 22U Rack,22U Secondary Rack - KE-Agency2-MDF2
GH-Agency1-MDF1-R01,GH-Agency1,GH-Agency1-MDF1,active,Standard 42U Rack,42U Main Rack - GH-Agency1-MDF1
GH-Agency1-MDF1-R02,GH-Agency1,GH-Agency1-MDF1,active,Standard 22U Rack,22U Secondary Rack - GH-Agency1-MDF1
GH-Agency1-MDF2-R01,GH-Agency1,GH-Agency1-MDF2,active,Standard 42U Rack,42U Main Rack - GH-Agency1-MDF2
GH-Agency1-MDF2-R02,GH-Agency1,GH-Agency1-MDF2,active,Standard 22U Rack,22U Secondary Rack - GH-Agency1-MDF2
GH-Agency2-MDF1-R01,GH-Agency2,GH-Agency2-MDF1,active,Standard 42U Rack,42U Main Rack - GH-Agency2-MDF1
GH-Agency2-MDF1-R02,GH-Agency2,GH-Agency2-MDF1,active,Standard 22U Rack,22U Secondary Rack - GH-Agency2-MDF1
GH-Agency2-MDF2-R01,GH-Agency2,GH-Agency2-MDF2,active,Standard 42U Rack,42U Main Rack - GH-Agency2-MDF2
GH-Agency2-MDF2-R02,GH-Agency2,GH-Agency2-MDF2,active,Standard 22U Rack,22U Secondary Rack - GH-Agency2-MDF2
TN-Agency1-MDF1-R01,TN-Agency1,TN-Agency1-MDF1,active,Standard 42U Rack,42U Main Rack - TN-Agency1-MDF1
TN-Agency1-MDF1-R02,TN-Agency1,TN-Agency1-MDF1,active,Standard 22U Rack,22U Secondary Rack - TN-Agency1-MDF1
TN-Agency1-MDF2-R01,TN-Agency1,TN-Agency1-MDF2,active,Standard 42U Rack,42U Main Rack - TN-Agency1-MDF2
TN-Agency1-MDF2-R02,TN-Agency1,TN-Agency1-MDF2,active,Standard 22U Rack,22U Secondary Rack - TN-Agency1-MDF2
TN-Agency2-MDF1-R01,TN-Agency2,TN-Agency2-MDF1,active,Standard 42U Rack,42U Main Rack - TN-Agency2-MDF1
TN-Agency2-MDF1-R02,TN-Agency2,TN-Agency2-MDF1,active,Standard 22U Rack,22U Secondary Rack - TN-Agency2-MDF1
TN-Agency2-MDF2-R01,TN-Agency2,TN-Agency2-MDF2,active,Standard 42U Rack,42U Main Rack - TN-Agency2-MDF2
TN-Agency2-MDF2-R02,TN-Agency2,TN-Agency2-MDF2,active,Standard 22U Rack,22U Secondary Rack - TN-Agency2-MDF2
SN-Agency1-MDF1-R01,SN-Agency1,SN-Agency1-MDF1,active,Standard 42U Rack,42U Main Rack - SN-Agency1-MDF1
SN-Agency1-MDF1-R02,SN-Agency1,SN-Agency1-MDF1,active,Standard 22U Rack,22U Secondary Rack - SN-Agency1-MDF1
SN-Agency1-MDF2-R01,SN-Agency1,SN-Agency1-MDF2,active,Standard 42U Rack,42U Main Rack - SN-Agency1-MDF2
SN-Agency1-MDF2-R02,SN-Agency1,SN-Agency1-MDF2,active,Standard 22U Rack,22U Secondary Rack - SN-Agency1-MDF2
SN-Agency2-MDF1-R01,SN-Agency2,SN-Agency2-MDF1,active,Standard 42U Rack,42U Main Rack - SN-Agency2-MDF1
SN-Agency2-MDF1-R02,SN-Agency2,SN-Agency2-MDF1,active,Standard 22U Rack,22U Secondary Rack - SN-Agency2-MDF1
SN-Agency2-MDF2-R01,SN-Agency2,SN-Agency2-MDF2,active,Standard 42U Rack,42U Main Rack - SN-Agency2-MDF2
SN-Agency2-MDF2-R02,SN-Agency2,SN-Agency2-MDF2,active,Standard 22U Rack,22U Secondary Rack - SN-Agency2-MDF2
CI-Agency1-MDF1-R01,CI-Agency1,CI-Agency1-MDF1,active,Standard 42U Rack,42U Main Rack - CI-Agency1-MDF1
CI-Agency1-MDF1-R02,CI-Agency1,CI-Agency1-MDF1,active,Standard 22U Rack,22U Secondary Rack - CI-Agency1-MDF1
CI-Agency1-MDF2-R01,CI-Agency1,CI-Agency1-MDF2,active,Standard 42U Rack,42U Main Rack - CI-Agency1-MDF2
CI-Agency1-MDF2-R02,CI-Agency1,CI-Agency1-MDF2,active,Standard 22U Rack,22U Secondary Rack - CI-Agency1-MDF2
CI-Agency2-MDF1-R01,CI-Agency2,CI-Agency2-MDF1,active,Standard 42U Rack,42U Main Rack - CI-Agency2-MDF1
CI-Agency2-MDF1-R02,CI-Agency2,CI-Agency2-MDF1,active,Standard 22U Rack,22U Secondary Rack - CI-Agency2-MDF1
CI-Agency2-MDF2-R01,CI-Agency2,CI-Agency2-MDF2,active,Standard 42U Rack,42U Main Rack - CI-Agency2-MDF2
CI-Agency2-MDF2-R02,CI-Agency2,CI-Agency2-MDF2,active,Standard 22U Rack,22U Secondary Rack - CI-Agency2-MDF2
MU-Agency1-MDF1-R01,MU-Agency1,MU-Agency1-MDF1,active,Standard 42U Rack,42U Main Rack - MU-Agency1-MDF1
MU-Agency1-MDF1-R02,MU-Agency1,MU-Agency1-MDF1,active,Standard 22U Rack,22U Secondary Rack - MU-Agency1-MDF1
MU-Agency1-MDF2-R01,MU-Agency1,MU-Agency1-MDF2,active,Standard 42U Rack,42U Main Rack - MU-Agency1-MDF2
MU-Agency1-MDF2-R02,MU-Agency1,MU-Agency1-MDF2,active,Standard 22U Rack,22U Secondary Rack - MU-Agency1-MDF2
MU-Agency2-MDF1-R01,MU-Agency2,MU-Agency2-MDF1,active,Standard 42U Rack,42U Main Rack - MU-Agency2-MDF1
MU-Agency2-MDF1-R02,MU-Agency2,MU-Agency2-MDF1,active,Standard 22U Rack,22U Secondary Rack - MU-Agency2-MDF1
MU-Agency2-MDF2-R01,MU-Agency2,MU-Agency2-MDF2,active,Standard 42U Rack,42U Main Rack - MU-Agency2-MDF2
MU-Agency2-MDF2-R02,MU-Agency2,MU-Agency2-MDF2,active,Standard 22U Rack,22U Secondary Rack - MU-Agency2-MDF2
