circuit,term_side,site,device,interface,port_speed,upstream_speed,description
ADSL-EMEA-0001,A,FR-Agency1,FR-Agency1-MX-01,WAN1,50,50,FR-Agency1 ADSL endpoint (MX-01 WAN1)
5G-EMEA-0001,A,FR-Agency1,FR-Agency1-MX-01,WAN2,100,100,FR-Agency1 5G endpoint (MX-01 WAN2)
ADSL-EMEA-0002,A,FR-Agency2,FR-Agency2-MX-01,WAN1,50,50,FR-Agency2 ADSL endpoint (MX-01 WAN1)
5G-EMEA-0002,A,FR-Agency2,FR-Agency2-MX-01,WAN2,100,100,FR-Agency2 5G endpoint (MX-01 WAN2)
ADSL-EMEA-0003,A,DE-Agency1,DE-Agency1-MX-01,WAN1,50,50,DE-Agency1 ADSL endpoint (MX-01 WAN1)
5G-EMEA-0003,A,DE-Agency1,DE-Agency1-MX-01,WAN2,100,100,DE-Agency1 5G endpoint (MX-01 WAN2)
ADSL-EMEA-0004,A,DE-Agency2,DE-Agency2-MX-01,WAN1,50,50,DE-Agency2 ADSL endpoint (MX-01 WAN1)
5G-EMEA-0004,A,DE-Agency2,DE-Agency2-MX-01,WAN2,100,100,DE-Agency2 5G endpoint (MX-01 WAN2)
ADSL-EMEA-0005,A,GB-Agency1,GB-Agency1-MX-01,WAN1,50,50,GB-Agency1 ADSL endpoint (MX-01 WAN1)
5G-EMEA-0005,A,GB-Agency1,GB-Agency1-MX-01,WAN2,100,100,GB-Agency1 5G endpoint (MX-01 WAN2)
ADSL-EMEA-0006,A,GB-Agency2,GB-Agency2-MX-01,WAN1,50,50,GB-Agency2 ADSL endpoint (MX-01 WAN1)
5G-EMEA-0006,A,GB-Agency2,GB-Agency2-MX-01,WAN2,100,100,GB-Agency2 5G endpoint (MX-01 WAN2)
ADSL-EMEA-0007,A,NL-Agency1,NL-Agency1-MX-01,WAN1,50,50,NL-Agency1 ADSL endpoint (MX-01 WAN1)
5G-EMEA-0007,A,NL-Agency1,NL-Agency1-MX-01,WAN2,100,100,NL-Agency1 5G endpoint (MX-01 WAN2)
ADSL-EMEA-0008,A,NL-Agency2,NL-Agency2-MX-01,WAN1,50,50,NL-Agency2 ADSL endpoint (MX-01 WAN1)
5G-EMEA-0008,A,NL-Agency2,NL-Agency2-MX-01,WAN2,100,100,NL-Agency2 5G endpoint (MX-01 WAN2)
ADSL-EMEA-0009,A,BE-Agency1,BE-Agency1-MX-01,WAN1,50,50,BE-Agency1 ADSL endpoint (MX-01 WAN1)
5G-EMEA-0009,A,BE-Agency1,BE-Agency1-MX-01,WAN2,100,100,BE-Agency1 5G endpoint (MX-01 WAN2)
ADSL-EMEA-0010,A,BE-Agency2,BE-Agency2-MX-01,WAN1,50,50,BE-Agency2 ADSL endpoint (MX-01 WAN1)
5G-EMEA-0010,A,BE-Agency2,BE-Agency2-MX-01,WAN2,100,100,BE-Agency2 5G endpoint (MX-01 WAN2)
ADSL-EMEA-0011,A,LU-Agency1,LU-Agency1-MX-01,WAN1,50,50,LU-Agency1 ADSL endpoint (MX-01 WAN1)
5G-EMEA-0011,A,LU-Agency1,LU-Agency1-MX-01,WAN2,100,100,LU-Agency1 5G endpoint (MX-01 WAN2)
ADSL-EMEA-0012,A,LU-Agency2,LU-Agency2-MX-01,WAN1,50,50,LU-Agency2 ADSL endpoint (MX-01 WAN1)
5G-EMEA-0012,A,LU-Agency2,LU-Agency2-MX-01,WAN2,100,100,LU-Agency2 5G endpoint (MX-01 WAN2)
ADSL-EMEA-0013,A,CH-Agency1,CH-Agency1-MX-01,WAN1,50,50,CH-Agency1 ADSL endpoint (MX-01 WAN1)
5G-EMEA-0013,A,CH-Agency1,CH-Agency1-MX-01,WAN2,100,100,CH-Agency1 5G endpoint (MX-01 WAN2)
ADSL-EMEA-0014,A,CH-Agency2,CH-Agency2-MX-01,WAN1,50,50,CH-Agency2 ADSL endpoint (MX-01 WAN1)
5G-EMEA-0014,A,CH-Agency2,CH-Agency2-MX-01,WAN2,100,100,CH-Agency2 5G endpoint (MX-01 WAN2)
ADSL-EMEA-0015,A,AT-Agency1,AT-Agency1-MX-01,WAN1,50,50,AT-Agency1 ADSL endpoint (MX-01 WAN1)
5G-EMEA-0015,A,AT-Agency1,AT-Agency1-MX-01,WAN2,100,100,AT-Agency1 5G endpoint (MX-01 WAN2)
ADSL-EMEA-0016,A,AT-Agency2,AT-Agency2-MX-01,WAN1,50,50,AT-Agency2 ADSL endpoint (MX-01 WAN1)
5G-EMEA-0016,A,AT-Agency2,AT-Agency2-MX-01,WAN2,100,100,AT-Agency2 5G endpoint (MX-01 WAN2)
ADSL-EMEA-0017,A,IE-Agency1,IE-Agency1-MX-01,WAN1,50,50,IE-Agency1 ADSL endpoint (MX-01 WAN1)
5G-EMEA-0017,A,IE-Agency1,IE-Agency1-MX-01,WAN2,100,100,IE-Agency1 5G endpoint (MX-01 WAN2)
ADSL-EMEA-0018,A,IE-Agency2,IE-Agency2-MX-01,WAN1,50,50,IE-Agency2 ADSL endpoint (MX-01 WAN1)
5G-EMEA-0018,A,IE-Agency2,IE-Agency2-MX-01,WAN2,100,100,IE-Agency2 5G endpoint (MX-01 WAN2)
ADSL-EMEA-0019,A,MC-Agency1,MC-Agency1-MX-01,WAN1,50,50,MC-Agency1 ADSL endpoint (MX-01 WAN1)
5G-EMEA-0019,A,MC-Agency1,MC-Agency1-MX-01,WAN2,100,100,MC-Agency1 5G endpoint (MX-01 WAN2)
ADSL-EMEA-0020,A,MC-Agency2,MC-Agency2-MX-01,WAN1,50,50,MC-Agency2 ADSL endpoint (MX-01 WAN1)
5G-EMEA-0020,A,MC-Agency2,MC-Agency2-MX-01,WAN2,100,100,MC-Agency2 5G endpoint (MX-01 WAN2)
ADSL-EMEA-0021,A,ES-Agency1,ES-Agency1-MX-01,WAN1,50,50,ES-Agency1 ADSL endpoint (MX-01 WAN1)
5G-EMEA-0021,A,ES-Agency1,ES-Agency1-MX-01,WAN2,100,100,ES-Agency1 5G endpoint (MX-01 WAN2)
ADSL-EMEA-0022,A,ES-Agency2,ES-Agency2-MX-01,WAN1,50,50,ES-Agency2 ADSL endpoint (MX-01 WAN1)
5G-EMEA-0022,A,ES-Agency2,ES-Agency2-MX-01,WAN2,100,100,ES-Agency2 5G endpoint (MX-01 WAN2)
ADSL-EMEA-0023,A,PT-Agency1,PT-Agency1-MX-01,WAN1,50,50,PT-Agency1 ADSL endpoint (MX-01 WAN1)
5G-EMEA-0023,A,PT-Agency1,PT-Agency1-MX-01,WAN2,100,100,PT-Agency1 5G endpoint (MX-01 WAN2)
ADSL-EMEA-0024,A,PT-Agency2,PT-Agency2-MX-01,WAN1,50,50,PT-Agency2 ADSL endpoint (MX-01 WAN1)
5G-EMEA-0024,A,PT-Agency2,PT-Agency2-MX-01,WAN2,100,100,PT-Agency2 5G endpoint (MX-01 WAN2)
ADSL-EMEA-0025,A,IT-Agency1,IT-Agency1-MX-01,WAN1,50,50,IT-Agency1 ADSL endpoint (MX-01 WAN1)
5G-EMEA-0025,A,IT-Agency1,IT-Agency1-MX-01,WAN2,100,100,IT-Agency1 5G endpoint (MX-01 WAN2)
ADSL-EMEA-0026,A,IT-Agency2,IT-Agency2-MX-01,WAN1,50,50,IT-Agency2 ADSL endpoint (MX-01 WAN1)
5G-EMEA-0026,A,IT-Agency2,IT-Agency2-MX-01,WAN2,100,100,IT-Agency2 5G endpoint (MX-01 WAN2)
ADSL-EMEA-0027,A,GR-Agency1,GR-Agency1-MX-01,WAN1,50,50,GR-Agency1 ADSL endpoint (MX-01 WAN1)
5G-EMEA-0027,A,GR-Agency1,GR-Agency1-MX-01,WAN2,100,100,GR-Agency1 5G endpoint (MX-01 WAN2)
ADSL-EMEA-0028,A,GR-Agency2,GR-Agency2-MX-01,WAN1,50,50,GR-Agency2 ADSL endpoint (MX-01 WAN1)
5G-EMEA-0028,A,GR-Agency2,GR-Agency2-MX-01,WAN2,100,100,GR-Agency2 5G endpoint (MX-01 WAN2)
ADSL-EMEA-0029,A,MT-Agency1,MT-Agency1-MX-01,WAN1,50,50,MT-Agency1 ADSL endpoint (MX-01 WAN1)
5G-EMEA-0029,A,MT-Agency1,MT-Agency1-MX-01,WAN2,100,100,MT-Agency1 5G endpoint (MX-01 WAN2)
ADSL-EMEA-0030,A,MT-Agency2,MT-Agency2-MX-01,WAN1,50,50,MT-Agency2 ADSL endpoint (MX-01 WAN1)
5G-EMEA-0030,A,MT-Agency2,MT-Agency2-MX-01,WAN2,100,100,MT-Agency2 5G endpoint (MX-01 WAN2)
ADSL-EMEA-0031,A,CY-Agency1,CY-Agency1-MX-01,WAN1,50,50,CY-Agency1 ADSL endpoint (MX-01 WAN1)
5G-EMEA-0031,A,CY-Agency1,CY-Agency1-MX-01,WAN2,100,100,CY-Agency1 5G endpoint (MX-01 WAN2)
ADSL-EMEA-0032,A,CY-Agency2,CY-Agency2-MX-01,WAN1,50,50,CY-Agency2 ADSL endpoint (MX-01 WAN1)
5G-EMEA-0032,A,CY-Agency2,CY-Agency2-MX-01,WAN2,100,100,CY-Agency2 5G endpoint (MX-01 WAN2)
ADSL-EMEA-0033,A,AD-Agency1,AD-Agency1-MX-01,WAN1,50,50,AD-Agency1 ADSL endpoint (MX-01 WAN1)
5G-EMEA-0033,A,AD-Agency1,AD-Agency1-MX-01,WAN2,100,100,AD-Agency1 5G endpoint (MX-01 WAN2)
ADSL-EMEA-0034,A,AD-Agency2,AD-Agency2-MX-01,WAN1,50,50,AD-Agency2 ADSL endpoint (MX-01 WAN1)
5G-EMEA-0034,A,AD-Agency2,AD-Agency2-MX-01,WAN2,100,100,AD-Agency2 5G endpoint (MX-01 WAN2)
ADSL-EMEA-0035,A,SM-Agency1,SM-Agency1-MX-01,WAN1,50,50,SM-Agency1 ADSL endpoint (MX-01 WAN1)
5G-EMEA-0035,A,SM-Agency1,SM-Agency1-MX-01,WAN2,100,100,SM-Agency1 5G endpoint (MX-01 WAN2)
ADSL-EMEA-0036,A,SM-Agency2,SM-Agency2-MX-01,WAN1,50,50,SM-Agency2 ADSL endpoint (MX-01 WAN1)
5G-EMEA-0036,A,SM-Agency2,SM-Agency2-MX-01,WAN2,100,100,SM-Agency2 5G endpoint (MX-01 WAN2)
ADSL-EMEA-0037,A,SE-Agency1,SE-Agency1-MX-01,WAN1,50,50,SE-Agency1 ADSL endpoint (MX-01 WAN1)
5G-EMEA-0037,A,SE-Agency1,SE-Agency1-MX-01,WAN2,100,100,SE-Agency1 5G endpoint (MX-01 WAN2)
ADSL-EMEA-0038,A,SE-Agency2,SE-Agency2-MX-01,WAN1,50,50,SE-Agency2 ADSL endpoint (MX-01 WAN1)
5G-EMEA-0038,A,SE-Agency2,SE-Agency2-MX-01,WAN2,100,100,SE-Agency2 5G endpoint (MX-01 WAN2)
ADSL-EMEA-0039,A,NO-Agency1,NO-Agency1-MX-01,WAN1,50,50,NO-Agency1 ADSL endpoint (MX-01 WAN1)
5G-EMEA-0039,A,NO-Agency1,NO-Agency1-MX-01,WAN2,100,100,NO-Agency1 5G endpoint (MX-01 WAN2)
ADSL-EMEA-0040,A,NO-Agency2,NO-Agency2-MX-01,WAN1,50,50,NO-Agency2 ADSL endpoint (MX-01 WAN1)
5G-EMEA-0040,A,NO-Agency2,NO-Agency2-MX-01,WAN2,100,100,NO-Agency2 5G endpoint (MX-01 WAN2)
ADSL-EMEA-0041,A,DK-Agency1,DK-Agency1-MX-01,WAN1,50,50,DK-Agency1 ADSL endpoint (MX-01 WAN1)
5G-EMEA-0041,A,DK-Agency1,DK-Agency1-MX-01,WAN2,100,100,DK-Agency1 5G endpoint (MX-01 WAN2)
ADSL-EMEA-0042,A,DK-Agency2,DK-Agency2-MX-01,WAN1,50,50,DK-Agency2 ADSL endpoint (MX-01 WAN1)
5G-EMEA-0042,A,DK-Agency2,DK-Agency2-MX-01,WAN2,100,100,DK-Agency2 5G endpoint (MX-01 WAN2)
ADSL-EMEA-0043,A,FI-Agency1,FI-Agency1-MX-01,WAN1,50,50,FI-Agency1 ADSL endpoint (MX-01 WAN1)
5G-EMEA-0043,A,FI-Agency1,FI-Agency1-MX-01,WAN2,100,100,FI-Agency1 5G endpoint (MX-01 WAN2)
ADSL-EMEA-0044,A,FI-Agency2,FI-Agency2-MX-01,WAN1,50,50,FI-Agency2 ADSL endpoint (MX-01 WAN1)
5G-EMEA-0044,A,FI-Agency2,FI-Agency2-MX-01,WAN2,100,100,FI-Agency2 5G endpoint (MX-01 WAN2)
ADSL-EMEA-0045,A,IS-Agency1,IS-Agency1-MX-01,WAN1,50,50,IS-Agency1 ADSL endpoint (MX-01 WAN1)
5G-EMEA-0045,A,IS-Agency1,IS-Agency1-MX-01,WAN2,100,100,IS-Agency1 5G endpoint (MX-01 WAN2)
ADSL-EMEA-0046,A,IS-Agency2,IS-Agency2-MX-01,WAN1,50,50,IS-Agency2 ADSL endpoint (MX-01 WAN1)
5G-EMEA-0046,A,IS-Agency2,IS-Agency2-MX-01,WAN2,100,100,IS-Agency2 5G endpoint (MX-01 WAN2)
ADSL-EMEA-0047,A,PL-Agency1,PL-Agency1-MX-01,WAN1,50,50,PL-Agency1 ADSL endpoint (MX-01 WAN1)
5G-EMEA-0047,A,PL-Agency1,PL-Agency1-MX-01,WAN2,100,100,PL-Agency1 5G endpoint (MX-01 WAN2)
ADSL-EMEA-0048,A,PL-Agency2,PL-Agency2-MX-01,WAN1,50,50,PL-Agency2 ADSL endpoint (MX-01 WAN1)
5G-EMEA-0048,A,PL-Agency2,PL-Agency2-MX-01,WAN2,100,100,PL-Agency2 5G endpoint (MX-01 WAN2)
ADSL-EMEA-0049,A,CZ-Agency1,CZ-Agency1-MX-01,WAN1,50,50,CZ-Agency1 ADSL endpoint (MX-01 WAN1)
5G-EMEA-0049,A,CZ-Agency1,CZ-Agency1-MX-01,WAN2,100,100,CZ-Agency1 5G endpoint (MX-01 WAN2)
ADSL-EMEA-0050,A,CZ-Agency2,CZ-Agency2-MX-01,WAN1,50,50,CZ-Agency2 ADSL endpoint (MX-01 WAN1)
5G-EMEA-0050,A,CZ-Agency2,CZ-Agency2-MX-01,WAN2,100,100,CZ-Agency2 5G endpoint (MX-01 WAN2)
ADSL-EMEA-0051,A,HU-Agency1,HU-Agency1-MX-01,WAN1,50,50,HU-Agency1 ADSL endpoint (MX-01 WAN1)
5G-EMEA-0051,A,HU-Agency1,HU-Agency1-MX-01,WAN2,100,100,HU-Agency1 5G endpoint (MX-01 WAN2)
ADSL-EMEA-0052,A,HU-Agency2,HU-Agency2-MX-01,WAN1,50,50,HU-Agency2 ADSL endpoint (MX-01 WAN1)
5G-EMEA-0052,A,HU-Agency2,HU-Agency2-MX-01,WAN2,100,100,HU-Agency2 5G endpoint (MX-01 WAN2)
ADSL-EMEA-0053,A,RO-Agency1,RO-Agency1-MX-01,WAN1,50,50,RO-Agency1 ADSL endpoint (MX-01 WAN1)
5G-EMEA-0053,A,RO-Agency1,RO-Agency1-MX-01,WAN2,100,100,RO-Agency1 5G endpoint (MX-01 WAN2)
ADSL-EMEA-0054,A,RO-Agency2,RO-Agency2-MX-01,WAN1,50,50,RO-Agency2 ADSL endpoint (MX-01 WAN1)
5G-EMEA-0054,A,RO-Agency2,RO-Agency2-MX-01,WAN2,100,100,RO-Agency2 5G endpoint (MX-01 WAN2)
ADSL-EMEA-0055,A,BG-Agency1,BG-Agency1-MX-01,WAN1,50,50,BG-Agency1 ADSL endpoint (MX-01 WAN1)
5G-EMEA-0055,A,BG-Agency1,BG-Agency1-MX-01,WAN2,100,100,BG-Agency1 5G endpoint (MX-01 WAN2)
ADSL-EMEA-0056,A,BG-Agency2,BG-Agency2-MX-01,WAN1,50,50,BG-Agency2 ADSL endpoint (MX-01 WAN1)
5G-EMEA-0056,A,BG-Agency2,BG-Agency2-MX-01,WAN2,100,100,BG-Agency2 5G endpoint (MX-01 WAN2)
ADSL-EMEA-0057,A,SK-Agency1,SK-Agency1-MX-01,WAN1,50,50,SK-Agency1 ADSL endpoint (MX-01 WAN1)
5G-EMEA-0057,A,SK-Agency1,SK-Agency1-MX-01,WAN2,100,100,SK-Agency1 5G endpoint (MX-01 WAN2)
ADSL-EMEA-0058,A,SK-Agency2,SK-Agency2-MX-01,WAN1,50,50,SK-Agency2 ADSL endpoint (MX-01 WAN1)
5G-EMEA-0058,A,SK-Agency2,SK-Agency2-MX-01,WAN2,100,100,SK-Agency2 5G endpoint (MX-01 WAN2)
ADSL-EMEA-0059,A,SI-Agency1,SI-Agency1-MX-01,WAN1,50,50,SI-Agency1 ADSL endpoint (MX-01 WAN1)
5G-EMEA-0059,A,SI-Agency1,SI-Agency1-MX-01,WAN2,100,100,SI-Agency1 5G endpoint (MX-01 WAN2)
ADSL-EMEA-0060,A,SI-Agency2,SI-Agency2-MX-01,WAN1,50,50,SI-Agency2 ADSL endpoint (MX-01 WAN1)
5G-EMEA-0060,A,SI-Agency2,SI-Agency2-MX-01,WAN2,100,100,SI-Agency2 5G endpoint (MX-01 WAN2)
ADSL-EMEA-0061,A,HR-Agency1,HR-Agency1-MX-01,WAN1,50,50,HR-Agency1 ADSL endpoint (MX-01 WAN1)
5G-EMEA-0061,A,HR-Agency1,HR-Agency1-MX-01,WAN2,100,100,HR-Agency1 5G endpoint (MX-01 WAN2)
ADSL-EMEA-0062,A,HR-Agency2,HR-Agency2-MX-01,WAN1,50,50,HR-Agency2 ADSL endpoint (MX-01 WAN1)
5G-EMEA-0062,A,HR-Agency2,HR-Agency2-MX-01,WAN2,100,100,HR-Agency2 5G endpoint (MX-01 WAN2)
ADSL-EMEA-0063,A,RS-Agency1,RS-Agency1-MX-01,WAN1,50,50,RS-Agency1 ADSL endpoint (MX-01 WAN1)
5G-EMEA-0063,A,RS-Agency1,RS-Agency1-MX-01,WAN2,100,100,RS-Agency1 5G endpoint (MX-01 WAN2)
ADSL-EMEA-0064,A,RS-Agency2,RS-Agency2-MX-01,WAN1,50,50,RS-Agency2 ADSL endpoint (MX-01 WAN1)
5G-EMEA-0064,A,RS-Agency2,RS-Agency2-MX-01,WAN2,100,100,RS-Agency2 5G endpoint (MX-01 WAN2)
ADSL-EMEA-0065,A,UA-Agency1,UA-Agency1-MX-01,WAN1,50,50,UA-Agency1 ADSL endpoint (MX-01 WAN1)
5G-EMEA-0065,A,UA-Agency1,UA-Agency1-MX-01,WAN2,100,100,UA-Agency1 5G endpoint (MX-01 WAN2)
ADSL-EMEA-0066,A,UA-Agency2,UA-Agency2-MX-01,WAN1,50,50,UA-Agency2 ADSL endpoint (MX-01 WAN1)
5G-EMEA-0066,A,UA-Agency2,UA-Agency2-MX-01,WAN2,100,100,UA-Agency2 5G endpoint (MX-01 WAN2)
ADSL-EMEA-0067,A,LT-Agency1,LT-Agency1-MX-01,WAN1,50,50,LT-Agency1 ADSL endpoint (MX-01 WAN1)
5G-EMEA-0067,A,LT-Agency1,LT-Agency1-MX-01,WAN2,100,100,LT-Agency1 5G endpoint (MX-01 WAN2)
ADSL-EMEA-0068,A,LT-Agency2,LT-Agency2-MX-01,WAN1,50,50,LT-Agency2 ADSL endpoint (MX-01 WAN1)
5G-EMEA-0068,A,LT-Agency2,LT-Agency2-MX-01,WAN2,100,100,LT-Agency2 5G endpoint (MX-01 WAN2)
ADSL-EMEA-0069,A,LV-Agency1,LV-Agency1-MX-01,WAN1,50,50,LV-Agency1 ADSL endpoint (MX-01 WAN1)
5G-EMEA-0069,A,LV-Agency1,LV-Agency1-MX-01,WAN2,100,100,LV-Agency1 5G endpoint (MX-01 WAN2)
ADSL-EMEA-0070,A,LV-Agency2,LV-Agency2-MX-01,WAN1,50,50,LV-Agency2 ADSL endpoint (MX-01 WAN1)
5G-EMEA-0070,A,LV-Agency2,LV-Agency2-MX-01,WAN2,100,100,LV-Agency2 5G endpoint (MX-01 WAN2)
ADSL-EMEA-0071,A,EE-Agency1,EE-Agency1-MX-01,WAN1,50,50,EE-Agency1 ADSL endpoint (MX-01 WAN1)
5G-EMEA-0071,A,EE-Agency1,EE-Agency1-MX-01,WAN2,100,100,EE-Agency1 5G endpoint (MX-01 WAN2)
ADSL-EMEA-0072,A,EE-Agency2,EE-Agency2-MX-01,WAN1,50,50,EE-Agency2 ADSL endpoint (MX-01 WAN1)
5G-EMEA-0072,A,EE-Agency2,EE-Agency2-MX-01,WAN2,100,100,EE-Agency2 5G endpoint (MX-01 WAN2)
ADSL-EMEA-0073,A,AE-Agency1,AE-Agency1-MX-01,WAN1,50,50,AE-Agency1 ADSL endpoint (MX-01 WAN1)
5G-EMEA-0073,A,AE-Agency1,AE-Agency1-MX-01,WAN2,100,100,AE-Agency1 5G endpoint (MX-01 WAN2)
ADSL-EMEA-0074,A,AE-Agency2,AE-Agency2-MX-01,WAN1,50,50,AE-Agency2 ADSL endpoint (MX-01 WAN1)
5G-EMEA-0074,A,AE-Agency2,AE-Agency2-MX-01,WAN2,100,100,AE-Agency2 5G endpoint (MX-01 WAN2)
ADSL-EMEA-0075,A,SA-Agency1,SA-Agency1-MX-01,WAN1,50,50,SA-Agency1 ADSL endpoint (MX-01 WAN1)
5G-EMEA-0075,A,SA-Agency1,SA-Agency1-MX-01,WAN2,100,100,SA-Agency1 5G endpoint (MX-01 WAN2)
ADSL-EMEA-0076,A,SA-Agency2,SA-Agency2-MX-01,WAN1,50,50,SA-Agency2 ADSL endpoint (MX-01 WAN1)
5G-EMEA-0076,A,SA-Agency2,SA-Agency2-MX-01,WAN2,100,100,SA-Agency2 5G endpoint (MX-01 WAN2)
ADSL-EMEA-0077,A,QA-Agency1,QA-Agency1-MX-01,WAN1,50,50,QA-Agency1 ADSL endpoint (MX-01 WAN1)
5G-EMEA-0077,A,QA-Agency1,QA-Agency1-MX-01,WAN2,100,100,QA-Agency1 5G endpoint (MX-01 WAN2)
ADSL-EMEA-0078,A,QA-Agency2,QA-Agency2-MX-01,WAN1,50,50,QA-Agency2 ADSL endpoint (MX-01 WAN1)
5G-EMEA-0078,A,QA-Agency2,QA-Agency2-MX-01,WAN2,100,100,QA-Agency2 5G endpoint (MX-01 WAN2)
ADSL-EMEA-0079,A,KW-Agency1,KW-Agency1-MX-01,WAN1,50,50,KW-Agency1 ADSL endpoint (MX-01 WAN1)
5G-EMEA-0079,A,KW-Agency1,KW-Agency1-MX-01,WAN2,100,100,KW-Agency1 5G endpoint (MX-01 WAN2)
ADSL-EMEA-0080,A,KW-Agency2,KW-Agency2-MX-01,WAN1,50,50,KW-Agency2 ADSL endpoint (MX-01 WAN1)
5G-EMEA-0080,A,KW-Agency2,KW-Agency2-MX-01,WAN2,100,100,KW-Agency2 5G endpoint (MX-01 WAN2)
ADSL-EMEA-0081,A,BH-Agency1,BH-Agency1-MX-01,WAN1,50,50,BH-Agency1 ADSL endpoint (MX-01 WAN1)
5G-EMEA-0081,A,BH-Agency1,BH-Agency1-MX-01,WAN2,100,100,BH-Agency1 5G endpoint (MX-01 WAN2)
ADSL-EMEA-0082,A,BH-Agency2,BH-Agency2-MX-01,WAN1,50,50,BH-Agency2 ADSL endpoint (MX-01 WAN1)
5G-EMEA-0082,A,BH-Agency2,BH-Agency2-MX-01,WAN2,100,100,BH-Agency2 5G endpoint (MX-01 WAN2)
ADSL-EMEA-0083,A,OM-Agency1,OM-Agency1-MX-01,WAN1,50,50,OM-Agency1 ADSL endpoint (MX-01 WAN1)
5G-EMEA-0083,A,OM-Agency1,OM-Agency1-MX-01,WAN2,100,100,OM-Agency1 5G endpoint (MX-01 WAN2)
ADSL-EMEA-0084,A,OM-Agency2,OM-Agency2-MX-01,WAN1,50,50,OM-Agency2 ADSL endpoint (MX-01 WAN1)
5G-EMEA-0084,A,OM-Agency2,OM-Agency2-MX-01,WAN2,100,100,OM-Agency2 5G endpoint (MX-01 WAN2)
ADSL-EMEA-0085,A,IL-Agency1,IL-Agency1-MX-01,WAN1,50,50,IL-Agency1 ADSL endpoint (MX-01 WAN1)
5G-EMEA-0085,A,IL-Agency1,IL-Agency1-MX-01,WAN2,100,100,IL-Agency1 5G endpoint (MX-01 WAN2)
ADSL-EMEA-0086,A,IL-Agency2,IL-Agency2-MX-01,WAN1,50,50,IL-Agency2 ADSL endpoint (MX-01 WAN1)
5G-EMEA-0086,A,IL-Agency2,IL-Agency2-MX-01,WAN2,100,100,IL-Agency2 5G endpoint (MX-01 WAN2)
ADSL-EMEA-0087,A,JO-Agency1,JO-Agency1-MX-01,WAN1,50,50,JO-Agency1 ADSL endpoint (MX-01 WAN1)
5G-EMEA-0087,A,JO-Agency1,JO-Agency1-MX-01,WAN2,100,100,JO-Agency1 5G endpoint (MX-01 WAN2)
ADSL-EMEA-0088,A,JO-Agency2,JO-Agency2-MX-01,WAN1,50,50,JO-Agency2 ADSL endpoint (MX-01 WAN1)
5G-EMEA-0088,A,JO-Agency2,JO-Agency2-MX-01,WAN2,100,100,JO-Agency2 5G endpoint (MX-01 WAN2)
ADSL-EMEA-0089,A,LB-Agency1,LB-Agency1-MX-01,WAN1,50,50,LB-Agency1 ADSL endpoint (MX-01 WAN1)
5G-EMEA-0089,A,LB-Agency1,LB-Agency1-MX-01,WAN2,100,100,LB-Agency1 5G endpoint (MX-01 WAN2)
ADSL-EMEA-0090,A,LB-Agency2,LB-Agency2-MX-01,WAN1,50,50,LB-Agency2 ADSL endpoint (MX-01 WAN1)
5G-EMEA-0090,A,LB-Agency2,LB-Agency2-MX-01,WAN2,100,100,LB-Agency2 5G endpoint (MX-01 WAN2)
ADSL-EMEA-0091,A,TR-Agency1,TR-Agency1-MX-01,WAN1,50,50,TR-Agency1 ADSL endpoint (MX-01 WAN1)
5G-EMEA-0091,A,TR-Agency1,TR-Agency1-MX-01,WAN2,100,100,TR-Agency1 5G endpoint (MX-01 WAN2)
ADSL-EMEA-0092,A,TR-Agency2,TR-Agency2-MX-01,WAN1,50,50,TR-Agency2 ADSL endpoint (MX-01 WAN1)
5G-EMEA-0092,A,TR-Agency2,TR-Agency2-MX-01,WAN2,100,100,TR-Agency2 5G endpoint (MX-01 WAN2)
ADSL-EMEA-0093,A,ZA-Agency1,ZA-Agency1-MX-01,WAN1,50,50,ZA-Agency1 ADSL endpoint (MX-01 WAN1)
5G-EMEA-0093,A,ZA-Agency1,ZA-Agency1-MX-01,WAN2,100,100,ZA-Agency1 5G endpoint (MX-01 WAN2)
ADSL-EMEA-0094,A,ZA-Agency2,ZA-Agency2-MX-01,WAN1,50,50,ZA-Agency2 ADSL endpoint (MX-01 WAN1)
5G-EMEA-0094,A,ZA-Agency2,ZA-Agency2-MX-01,WAN2,100,100,ZA-Agency2 5G endpoint (MX-01 WAN2)
ADSL-EMEA-0095,A,EG-Agency1,EG-Agency1-MX-01,WAN1,50,50,EG-Agency1 ADSL endpoint (MX-01 WAN1)
5G-EMEA-0095,A,EG-Agency1,EG-Agency1-MX-01,WAN2,100,100,EG-Agency1 5G endpoint (MX-01 WAN2)
ADSL-EMEA-0096,A,EG-Agency2,EG-Agency2-MX-01,WAN1,50,50,EG-Agency2 ADSL endpoint (MX-01 WAN1)
5G-EMEA-0096,A,EG-Agency2,EG-Agency2-MX-01,WAN2,100,100,EG-Agency2 5G endpoint (MX-01 WAN2)
ADSL-EMEA-0097,A,MA-Agency1,MA-Agency1-MX-01,WAN1,50,50,MA-Agency1 ADSL endpoint (MX-01 WAN1)
5G-EMEA-0097,A,MA-Agency1,MA-Agency1-MX-01,WAN2,100,100,MA-Agency1 5G endpoint (MX-01 WAN2)
ADSL-EMEA-0098,A,MA-Agency2,MA-Agency2-MX-01,WAN1,50,50,MA-Agency2 ADSL endpoint (MX-01 WAN1)
5G-EMEA-0098,A,MA-Agency2,MA-Agency2-MX-01,WAN2,100,100,MA-Agency2 5G endpoint (MX-01 WAN2)
ADSL-EMEA-0099,A,NG-Agency1,NG-Agency1-MX-01,WAN1,50,50,NG-Agency1 ADSL endpoint (MX-01 WAN1)
5G-EMEA-0099,A,NG-Agency1,NG-Agency1-MX-01,WAN2,100,100,NG-Agency1 5G endpoint (MX-01 WAN2)
ADSL-EMEA-0100,A,NG-Agency2,NG-Agency2-MX-01,WAN1,50,50,NG-Agency2 ADSL endpoint (MX-01 WAN1)
5G-EMEA-0100,A,NG-Agency2,NG-Agency2-MX-01,WAN2,100,100,NG-Agency2 5G endpoint (MX-01 WAN2)
ADSL-EMEA-0101,A,KE-Agency1,KE-Agency1-MX-01,WAN1,50,50,KE-Agency1 ADSL endpoint (MX-01 WAN1)
5G-EMEA-0101,A,KE-Agency1,KE-Agency1-MX-01,WAN2,100,100,KE-Agency1 5G endpoint (MX-01 WAN2)
ADSL-EMEA-0102,A,KE-Agency2,KE-Agency2-MX-01,WAN1,50,50,KE-Agency2 ADSL endpoint (MX-01 WAN1)
5G-EMEA-0102,A,KE-Agency2,KE-Agency2-MX-01,WAN2,100,100,KE-Agency2 5G endpoint (MX-01 WAN2)
ADSL-EMEA-0103,A,GH-Agency1,GH-Agency1-MX-01,WAN1,50,50,GH-Agency1 ADSL endpoint (MX-01 WAN1)
5G-EMEA-0103,A,GH-Agency1,GH-Agency1-MX-01,WAN2,100,100,GH-Agency1 5G endpoint (MX-01 WAN2)
ADSL-EMEA-0104,A,GH-Agency2,GH-Agency2-MX-01,WAN1,50,50,GH-Agency2 ADSL endpoint (MX-01 WAN1)
5G-EMEA-0104,A,GH-Agency2,GH-Agency2-MX-01,WAN2,100,100,GH-Agency2 5G endpoint (MX-01 WAN2)
ADSL-EMEA-0105,A,TN-Agency1,TN-Agency1-MX-01,WAN1,50,50,TN-Agency1 ADSL endpoint (MX-01 WAN1)
5G-EMEA-0105,A,TN-Agency1,TN-Agency1-MX-01,WAN2,100,100,TN-Agency1 5G endpoint (MX-01 WAN2)
ADSL-EMEA-0106,A,TN-Agency2,TN-Agency2-MX-01,WAN1,50,50,TN-Agency2 ADSL endpoint (MX-01 WAN1)
5G-EMEA-0106,A,TN-Agency2,TN-Agency2-MX-01,WAN2,100,100,TN-Agency2 5G endpoint (MX-01 WAN2)
ADSL-EMEA-0107,A,SN-Agency1,SN-Agency1-MX-01,WAN1,50,50,SN-Agency1 ADSL endpoint (MX-01 WAN1)
5G-EMEA-0107,A,SN-Agency1,SN-Agency1-MX-01,WAN2,100,100,SN-Agency1 5G endpoint (MX-01 WAN2)
ADSL-EMEA-0108,A,SN-Agency2,SN-Agency2-MX-01,WAN1,50,50,SN-Agency2 ADSL endpoint (MX-01 WAN1)
5G-EMEA-0108,A,SN-Agency2,SN-Agency2-MX-01,WAN2,100,100,SN-Agency2 5G endpoint (MX-01 WAN2)
ADSL-EMEA-0109,A,CI-Agency1,CI-Agency1-MX-01,WAN1,50,50,CI-Agency1 ADSL endpoint (MX-01 WAN1)
5G-EMEA-0109,A,CI-Agency1,CI-Agency1-MX-01,WAN2,100,100,CI-Agency1 5G endpoint (MX-01 WAN2)
ADSL-EMEA-0110,A,CI-Agency2,CI-Agency2-MX-01,WAN1,50,50,CI-Agency2 ADSL endpoint (MX-01 WAN1)
5G-EMEA-0110,A,CI-Agency2,CI-Agency2-MX-01,WAN2,100,100,CI-Agency2 5G endpoint (MX-01 WAN2)
ADSL-EMEA-0111,A,MU-Agency1,MU-Agency1-MX-01,WAN1,50,50,MU-Agency1 ADSL endpoint (MX-01 WAN1)
5G-EMEA-0111,A,MU-Agency1,MU-Agency1-MX-01,WAN2,100,100,MU-Agency1 5G endpoint (MX-01 WAN2)
ADSL-EMEA-0112,A,MU-Agency2,MU-Agency2-MX-01,WAN1,50,50,MU-Agency2 ADSL endpoint (MX-01 WAN1)
5G-EMEA-0112,A,MU-Agency2,MU-Agency2-MX-01,WAN2,100,100,MU-Agency2 5G endpoint (MX-01 WAN2)
ADSL-APAC-0113,A,CN-Agency1,CN-Agency1-MX-01,WAN1,50,50,CN-Agency1 ADSL endpoint (MX-01 WAN1)
5G-APAC-0113,A,CN-Agency1,CN-Agency1-MX-01,WAN2,100,100,CN-Agency1 5G endpoint (MX-01 WAN2)
ADSL-APAC-0114,A,CN-Agency2,CN-Agency2-MX-01,WAN1,50,50,CN-Agency2 ADSL endpoint (MX-01 WAN1)
5G-APAC-0114,A,CN-Agency2,CN-Agency2-MX-01,WAN2,100,100,CN-Agency2 5G endpoint (MX-01 WAN2)
ADSL-APAC-0115,A,JP-Agency1,JP-Agency1-MX-01,WAN1,50,50,JP-Agency1 ADSL endpoint (MX-01 WAN1)
5G-APAC-0115,A,JP-Agency1,JP-Agency1-MX-01,WAN2,100,100,JP-Agency1 5G endpoint (MX-01 WAN2)
ADSL-APAC-0116,A,JP-Agency2,JP-Agency2-MX-01,WAN1,50,50,JP-Agency2 ADSL endpoint (MX-01 WAN1)
5G-APAC-0116,A,JP-Agency2,JP-Agency2-MX-01,WAN2,100,100,JP-Agency2 5G endpoint (MX-01 WAN2)
ADSL-APAC-0117,A,KR-Agency1,KR-Agency1-MX-01,WAN1,50,50,KR-Agency1 ADSL endpoint (MX-01 WAN1)
5G-APAC-0117,A,KR-Agency1,KR-Agency1-MX-01,WAN2,100,100,KR-Agency1 5G endpoint (MX-01 WAN2)
ADSL-APAC-0118,A,KR-Agency2,KR-Agency2-MX-01,WAN1,50,50,KR-Agency2 ADSL endpoint (MX-01 WAN1)
5G-APAC-0118,A,KR-Agency2,KR-Agency2-MX-01,WAN2,100,100,KR-Agency2 5G endpoint (MX-01 WAN2)
ADSL-APAC-0119,A,TW-Agency1,TW-Agency1-MX-01,WAN1,50,50,TW-Agency1 ADSL endpoint (MX-01 WAN1)
5G-APAC-0119,A,TW-Agency1,TW-Agency1-MX-01,WAN2,100,100,TW-Agency1 5G endpoint (MX-01 WAN2)
ADSL-APAC-0120,A,TW-Agency2,TW-Agency2-MX-01,WAN1,50,50,TW-Agency2 ADSL endpoint (MX-01 WAN1)
5G-APAC-0120,A,TW-Agency2,TW-Agency2-MX-01,WAN2,100,100,TW-Agency2 5G endpoint (MX-01 WAN2)
ADSL-APAC-0121,A,HK-Agency1,HK-Agency1-MX-01,WAN1,50,50,HK-Agency1 ADSL endpoint (MX-01 WAN1)
5G-APAC-0121,A,HK-Agency1,HK-Agency1-MX-01,WAN2,100,100,HK-Agency1 5G endpoint (MX-01 WAN2)
ADSL-APAC-0122,A,HK-Agency2,HK-Agency2-MX-01,WAN1,50,50,HK-Agency2 ADSL endpoint (MX-01 WAN1)
5G-APAC-0122,A,HK-Agency2,HK-Agency2-MX-01,WAN2,100,100,HK-Agency2 5G endpoint (MX-01 WAN2)
ADSL-APAC-0123,A,MO-Agency1,MO-Agency1-MX-01,WAN1,50,50,MO-Agency1 ADSL endpoint (MX-01 WAN1)
5G-APAC-0123,A,MO-Agency1,MO-Agency1-MX-01,WAN2,100,100,MO-Agency1 5G endpoint (MX-01 WAN2)
ADSL-APAC-0124,A,MO-Agency2,MO-Agency2-MX-01,WAN1,50,50,MO-Agency2 ADSL endpoint (MX-01 WAN1)
5G-APAC-0124,A,MO-Agency2,MO-Agency2-MX-01,WAN2,100,100,MO-Agency2 5G endpoint (MX-01 WAN2)
ADSL-APAC-0125,A,MN-Agency1,MN-Agency1-MX-01,WAN1,50,50,MN-Agency1 ADSL endpoint (MX-01 WAN1)
5G-APAC-0125,A,MN-Agency1,MN-Agency1-MX-01,WAN2,100,100,MN-Agency1 5G endpoint (MX-01 WAN2)
ADSL-APAC-0126,A,MN-Agency2,MN-Agency2-MX-01,WAN1,50,50,MN-Agency2 ADSL endpoint (MX-01 WAN1)
5G-APAC-0126,A,MN-Agency2,MN-Agency2-MX-01,WAN2,100,100,MN-Agency2 5G endpoint (MX-01 WAN2)
ADSL-APAC-0127,A,SG-Agency1,SG-Agency1-MX-01,WAN1,50,50,SG-Agency1 ADSL endpoint (MX-01 WAN1)
5G-APAC-0127,A,SG-Agency1,SG-Agency1-MX-01,WAN2,100,100,SG-Agency1 5G endpoint (MX-01 WAN2)
ADSL-APAC-0128,A,SG-Agency2,SG-Agency2-MX-01,WAN1,50,50,SG-Agency2 ADSL endpoint (MX-01 WAN1)
5G-APAC-0128,A,SG-Agency2,SG-Agency2-MX-01,WAN2,100,100,SG-Agency2 5G endpoint (MX-01 WAN2)
ADSL-APAC-0129,A,MY-Agency1,MY-Agency1-MX-01,WAN1,50,50,MY-Agency1 ADSL endpoint (MX-01 WAN1)
5G-APAC-0129,A,MY-Agency1,MY-Agency1-MX-01,WAN2,100,100,MY-Agency1 5G endpoint (MX-01 WAN2)
ADSL-APAC-0130,A,MY-Agency2,MY-Agency2-MX-01,WAN1,50,50,MY-Agency2 ADSL endpoint (MX-01 WAN1)
5G-APAC-0130,A,MY-Agency2,MY-Agency2-MX-01,WAN2,100,100,MY-Agency2 5G endpoint (MX-01 WAN2)
ADSL-APAC-0131,A,TH-Agency1,TH-Agency1-MX-01,WAN1,50,50,TH-Agency1 ADSL endpoint (MX-01 WAN1)
5G-APAC-0131,A,TH-Agency1,TH-Agency1-MX-01,WAN2,100,100,TH-Agency1 5G endpoint (MX-01 WAN2)
ADSL-APAC-0132,A,TH-Agency2,TH-Agency2-MX-01,WAN1,50,50,TH-Agency2 ADSL endpoint (MX-01 WAN1)
5G-APAC-0132,A,TH-Agency2,TH-Agency2-MX-01,WAN2,100,100,TH-Agency2 5G endpoint (MX-01 WAN2)
ADSL-APAC-0133,A,ID-Agency1,ID-Agency1-MX-01,WAN1,50,50,ID-Agency1 ADSL endpoint (MX-01 WAN1)
5G-APAC-0133,A,ID-Agency1,ID-Agency1-MX-01,WAN2,100,100,ID-Agency1 5G endpoint (MX-01 WAN2)
ADSL-APAC-0134,A,ID-Agency2,ID-Agency2-MX-01,WAN1,50,50,ID-Agency2 ADSL endpoint (MX-01 WAN1)
5G-APAC-0134,A,ID-Agency2,ID-Agency2-MX-01,WAN2,100,100,ID-Agency2 5G endpoint (MX-01 WAN2)
ADSL-APAC-0135,A,VN-Agency1,VN-Agency1-MX-01,WAN1,50,50,VN-Agency1 ADSL endpoint (MX-01 WAN1)
5G-APAC-0135,A,VN-Agency1,VN-Agency1-MX-01,WAN2,100,100,VN-Agency1 5G endpoint (MX-01 WAN2)
ADSL-APAC-0136,A,VN-Agency2,VN-Agency2-MX-01,WAN1,50,50,VN-Agency2 ADSL endpoint (MX-01 WAN1)
5G-APAC-0136,A,VN-Agency2,VN-Agency2-MX-01,WAN2,100,100,VN-Agency2 5G endpoint (MX-01 WAN2)
ADSL-APAC-0137,A,PH-Agency1,PH-Agency1-MX-01,WAN1,50,50,PH-Agency1 ADSL endpoint (MX-01 WAN1)
5G-APAC-0137,A,PH-Agency1,PH-Agency1-MX-01,WAN2,100,100,PH-Agency1 5G endpoint (MX-01 WAN2)
ADSL-APAC-0138,A,PH-Agency2,PH-Agency2-MX-01,WAN1,50,50,PH-Agency2 ADSL endpoint (MX-01 WAN1)
5G-APAC-0138,A,PH-Agency2,PH-Agency2-MX-01,WAN2,100,100,PH-Agency2 5G endpoint (MX-01 WAN2)
ADSL-APAC-0139,A,MM-Agency1,MM-Agency1-MX-01,WAN1,50,50,MM-Agency1 ADSL endpoint (MX-01 WAN1)
5G-APAC-0139,A,MM-Agency1,MM-Agency1-MX-01,WAN2,100,100,MM-Agency1 5G endpoint (MX-01 WAN2)
ADSL-APAC-0140,A,MM-Agency2,MM-Agency2-MX-01,WAN1,50,50,MM-Agency2 ADSL endpoint (MX-01 WAN1)
5G-APAC-0140,A,MM-Agency2,MM-Agency2-MX-01,WAN2,100,100,MM-Agency2 5G endpoint (MX-01 WAN2)
ADSL-APAC-0141,A,KH-Agency1,KH-Agency1-MX-01,WAN1,50,50,KH-Agency1 ADSL endpoint (MX-01 WAN1)
5G-APAC-0141,A,KH-Agency1,KH-Agency1-MX-01,WAN2,100,100,KH-Agency1 5G endpoint (MX-01 WAN2)
ADSL-APAC-0142,A,KH-Agency2,KH-Agency2-MX-01,WAN1,50,50,KH-Agency2 ADSL endpoint (MX-01 WAN1)
5G-APAC-0142,A,KH-Agency2,KH-Agency2-MX-01,WAN2,100,100,KH-Agency2 5G endpoint (MX-01 WAN2)
ADSL-APAC-0143,A,LA-Agency1,LA-Agency1-MX-01,WAN1,50,50,LA-Agency1 ADSL endpoint (MX-01 WAN1)
5G-APAC-0143,A,LA-Agency1,LA-Agency1-MX-01,WAN2,100,100,LA-Agency1 5G endpoint (MX-01 WAN2)
ADSL-APAC-0144,A,LA-Agency2,LA-Agency2-MX-01,WAN1,50,50,LA-Agency2 ADSL endpoint (MX-01 WAN1)
5G-APAC-0144,A,LA-Agency2,LA-Agency2-MX-01,WAN2,100,100,LA-Agency2 5G endpoint (MX-01 WAN2)
ADSL-APAC-0145,A,BN-Agency1,BN-Agency1-MX-01,WAN1,50,50,BN-Agency1 ADSL endpoint (MX-01 WAN1)
5G-APAC-0145,A,BN-Agency1,BN-Agency1-MX-01,WAN2,100,100,BN-Agency1 5G endpoint (MX-01 WAN2)
ADSL-APAC-0146,A,BN-Agency2,BN-Agency2-MX-01,WAN1,50,50,BN-Agency2 ADSL endpoint (MX-01 WAN1)
5G-APAC-0146,A,BN-Agency2,BN-Agency2-MX-01,WAN2,100,100,BN-Agency2 5G endpoint (MX-01 WAN2)
ADSL-APAC-0147,A,TL-Agency1,TL-Agency1-MX-01,WAN1,50,50,TL-Agency1 ADSL endpoint (MX-01 WAN1)
5G-APAC-0147,A,TL-Agency1,TL-Agency1-MX-01,WAN2,100,100,TL-Agency1 5G endpoint (MX-01 WAN2)
ADSL-APAC-0148,A,TL-Agency2,TL-Agency2-MX-01,WAN1,50,50,TL-Agency2 ADSL endpoint (MX-01 WAN1)
5G-APAC-0148,A,TL-Agency2,TL-Agency2-MX-01,WAN2,100,100,TL-Agency2 5G endpoint (MX-01 WAN2)
ADSL-APAC-0149,A,IN-Agency1,IN-Agency1-MX-01,WAN1,50,50,IN-Agency1 ADSL endpoint (MX-01 WAN1)
5G-APAC-0149,A,IN-Agency1,IN-Agency1-MX-01,WAN2,100,100,IN-Agency1 5G endpoint (MX-01 WAN2)
ADSL-APAC-0150,A,IN-Agency2,IN-Agency2-MX-01,WAN1,50,50,IN-Agency2 ADSL endpoint (MX-01 WAN1)
5G-APAC-0150,A,IN-Agency2,IN-Agency2-MX-01,WAN2,100,100,IN-Agency2 5G endpoint (MX-01 WAN2)
ADSL-APAC-0151,A,PK-Agency1,PK-Agency1-MX-01,WAN1,50,50,PK-Agency1 ADSL endpoint (MX-01 WAN1)
5G-APAC-0151,A,PK-Agency1,PK-Agency1-MX-01,WAN2,100,100,PK-Agency1 5G endpoint (MX-01 WAN2)
ADSL-APAC-0152,A,PK-Agency2,PK-Agency2-MX-01,WAN1,50,50,PK-Agency2 ADSL endpoint (MX-01 WAN1)
5G-APAC-0152,A,PK-Agency2,PK-Agency2-MX-01,WAN2,100,100,PK-Agency2 5G endpoint (MX-01 WAN2)
ADSL-APAC-0153,A,BD-Agency1,BD-Agency1-MX-01,WAN1,50,50,BD-Agency1 ADSL endpoint (MX-01 WAN1)
5G-APAC-0153,A,BD-Agency1,BD-Agency1-MX-01,WAN2,100,100,BD-Agency1 5G endpoint (MX-01 WAN2)
ADSL-APAC-0154,A,BD-Agency2,BD-Agency2-MX-01,WAN1,50,50,BD-Agency2 ADSL endpoint (MX-01 WAN1)
5G-APAC-0154,A,BD-Agency2,BD-Agency2-MX-01,WAN2,100,100,BD-Agency2 5G endpoint (MX-01 WAN2)
ADSL-APAC-0155,A,LK-Agency1,LK-Agency1-MX-01,WAN1,50,50,LK-Agency1 ADSL endpoint (MX-01 WAN1)
5G-APAC-0155,A,LK-Agency1,LK-Agency1-MX-01,WAN2,100,100,LK-Agency1 5G endpoint (MX-01 WAN2)
ADSL-APAC-0156,A,LK-Agency2,LK-Agency2-MX-01,WAN1,50,50,LK-Agency2 ADSL endpoint (MX-01 WAN1)
5G-APAC-0156,A,LK-Agency2,LK-Agency2-MX-01,WAN2,100,100,LK-Agency2 5G endpoint (MX-01 WAN2)
ADSL-APAC-0157,A,NP-Agency1,NP-Agency1-MX-01,WAN1,50,50,NP-Agency1 ADSL endpoint (MX-01 WAN1)
5G-APAC-0157,A,NP-Agency1,NP-Agency1-MX-01,WAN2,100,100,NP-Agency1 5G endpoint (MX-01 WAN2)
ADSL-APAC-0158,A,NP-Agency2,NP-Agency2-MX-01,WAN1,50,50,NP-Agency2 ADSL endpoint (MX-01 WAN1)
5G-APAC-0158,A,NP-Agency2,NP-Agency2-MX-01,WAN2,100,100,NP-Agency2 5G endpoint (MX-01 WAN2)
ADSL-APAC-0159,A,BT-Agency1,BT-Agency1-MX-01,WAN1,50,50,BT-Agency1 ADSL endpoint (MX-01 WAN1)
5G-APAC-0159,A,BT-Agency1,BT-Agency1-MX-01,WAN2,100,100,BT-Agency1 5G endpoint (MX-01 WAN2)
ADSL-APAC-0160,A,BT-Agency2,BT-Agency2-MX-01,WAN1,50,50,BT-Agency2 ADSL endpoint (MX-01 WAN1)
5G-APAC-0160,A,BT-Agency2,BT-Agency2-MX-01,WAN2,100,100,BT-Agency2 5G endpoint (MX-01 WAN2)
ADSL-APAC-0161,A,MV-Agency1,MV-Agency1-MX-01,WAN1,50,50,MV-Agency1 ADSL endpoint (MX-01 WAN1)
5G-APAC-0161,A,MV-Agency1,MV-Agency1-MX-01,WAN2,100,100,MV-Agency1 5G endpoint (MX-01 WAN2)
ADSL-APAC-0162,A,MV-Agency2,MV-Agency2-MX-01,WAN1,50,50,MV-Agency2 ADSL endpoint (MX-01 WAN1)
5G-APAC-0162,A,MV-Agency2,MV-Agency2-MX-01,WAN2,100,100,MV-Agency2 5G endpoint (MX-01 WAN2)
ADSL-APAC-0163,A,AF-Agency1,AF-Agency1-MX-01,WAN1,50,50,AF-Agency1 ADSL endpoint (MX-01 WAN1)
5G-APAC-0163,A,AF-Agency1,AF-Agency1-MX-01,WAN2,100,100,AF-Agency1 5G endpoint (MX-01 WAN2)
ADSL-APAC-0164,A,AF-Agency2,AF-Agency2-MX-01,WAN1,50,50,AF-Agency2 ADSL endpoint (MX-01 WAN1)
5G-APAC-0164,A,AF-Agency2,AF-Agency2-MX-01,WAN2,100,100,AF-Agency2 5G endpoint (MX-01 WAN2)
ADSL-APAC-0165,A,AU-Agency1,AU-Agency1-MX-01,WAN1,50,50,AU-Agency1 ADSL endpoint (MX-01 WAN1)
5G-APAC-0165,A,AU-Agency1,AU-Agency1-MX-01,WAN2,100,100,AU-Agency1 5G endpoint (MX-01 WAN2)
ADSL-APAC-0166,A,AU-Agency2,AU-Agency2-MX-01,WAN1,50,50,AU-Agency2 ADSL endpoint (MX-01 WAN1)
5G-APAC-0166,A,AU-Agency2,AU-Agency2-MX-01,WAN2,100,100,AU-Agency2 5G endpoint (MX-01 WAN2)
ADSL-APAC-0167,A,NZ-Agency1,NZ-Agency1-MX-01,WAN1,50,50,NZ-Agency1 ADSL endpoint (MX-01 WAN1)
5G-APAC-0167,A,NZ-Agency1,NZ-Agency1-MX-01,WAN2,100,100,NZ-Agency1 5G endpoint (MX-01 WAN2)
ADSL-APAC-0168,A,NZ-Agency2,NZ-Agency2-MX-01,WAN1,50,50,NZ-Agency2 ADSL endpoint (MX-01 WAN1)
5G-APAC-0168,A,NZ-Agency2,NZ-Agency2-MX-01,WAN2,100,100,NZ-Agency2 5G endpoint (MX-01 WAN2)
ADSL-APAC-0169,A,PG-Agency1,PG-Agency1-MX-01,WAN1,50,50,PG-Agency1 ADSL endpoint (MX-01 WAN1)
5G-APAC-0169,A,PG-Agency1,PG-Agency1-MX-01,WAN2,100,100,PG-Agency1 5G endpoint (MX-01 WAN2)
ADSL-APAC-0170,A,PG-Agency2,PG-Agency2-MX-01,WAN1,50,50,PG-Agency2 ADSL endpoint (MX-01 WAN1)
5G-APAC-0170,A,PG-Agency2,PG-Agency2-MX-01,WAN2,100,100,PG-Agency2 5G endpoint (MX-01 WAN2)
ADSL-APAC-0171,A,FJ-Agency1,FJ-Agency1-MX-01,WAN1,50,50,FJ-Agency1 ADSL endpoint (MX-01 WAN1)
5G-APAC-0171,A,FJ-Agency1,FJ-Agency1-MX-01,WAN2,100,100,FJ-Agency1 5G endpoint (MX-01 WAN2)
ADSL-APAC-0172,A,FJ-Agency2,FJ-Agency2-MX-01,WAN1,50,50,FJ-Agency2 ADSL endpoint (MX-01 WAN1)
5G-APAC-0172,A,FJ-Agency2,FJ-Agency2-MX-01,WAN2,100,100,FJ-Agency2 5G endpoint (MX-01 WAN2)
ADSL-APAC-0173,A,WS-Agency1,WS-Agency1-MX-01,WAN1,50,50,WS-Agency1 ADSL endpoint (MX-01 WAN1)
5G-APAC-0173,A,WS-Agency1,WS-Agency1-MX-01,WAN2,100,100,WS-Agency1 5G endpoint (MX-01 WAN2)
ADSL-APAC-0174,A,WS-Agency2,WS-Agency2-MX-01,WAN1,50,50,WS-Agency2 ADSL endpoint (MX-01 WAN1)
5G-APAC-0174,A,WS-Agency2,WS-Agency2-MX-01,WAN2,100,100,WS-Agency2 5G endpoint (MX-01 WAN2)
ADSL-APAC-0175,A,TO-Agency1,TO-Agency1-MX-01,WAN1,50,50,TO-Agency1 ADSL endpoint (MX-01 WAN1)
5G-APAC-0175,A,TO-Agency1,TO-Agency1-MX-01,WAN2,100,100,TO-Agency1 5G endpoint (MX-01 WAN2)
ADSL-APAC-0176,A,TO-Agency2,TO-Agency2-MX-01,WAN1,50,50,TO-Agency2 ADSL endpoint (MX-01 WAN1)
5G-APAC-0176,A,TO-Agency2,TO-Agency2-MX-01,WAN2,100,100,TO-Agency2 5G endpoint (MX-01 WAN2)
ADSL-APAC-0177,A,VU-Agency1,VU-Agency1-MX-01,WAN1,50,50,VU-Agency1 ADSL endpoint (MX-01 WAN1)
5G-APAC-0177,A,VU-Agency1,VU-Agency1-MX-01,WAN2,100,100,VU-Agency1 5G endpoint (MX-01 WAN2)
ADSL-APAC-0178,A,VU-Agency2,VU-Agency2-MX-01,WAN1,50,50,VU-Agency2 ADSL endpoint (MX-01 WAN1)
5G-APAC-0178,A,VU-Agency2,VU-Agency2-MX-01,WAN2,100,100,VU-Agency2 5G endpoint (MX-01 WAN2)
ADSL-APAC-0179,A,SB-Agency1,SB-Agency1-MX-01,WAN1,50,50,SB-Agency1 ADSL endpoint (MX-01 WAN1)
5G-APAC-0179,A,SB-Agency1,SB-Agency1-MX-01,WAN2,100,100,SB-Agency1 5G endpoint (MX-01 WAN2)
ADSL-APAC-0180,A,SB-Agency2,SB-Agency2-MX-01,WAN1,50,50,SB-Agency2 ADSL endpoint (MX-01 WAN1)
5G-APAC-0180,A,SB-Agency2,SB-Agency2-MX-01,WAN2,100,100,SB-Agency2 5G endpoint (MX-01 WAN2)
ADSL-APAC-0181,A,NC-Agency1,NC-Agency1-MX-01,WAN1,50,50,NC-Agency1 ADSL endpoint (MX-01 WAN1)
5G-APAC-0181,A,NC-Agency1,NC-Agency1-MX-01,WAN2,100,100,NC-Agency1 5G endpoint (MX-01 WAN2)
ADSL-APAC-0182,A,NC-Agency2,NC-Agency2-MX-01,WAN1,50,50,NC-Agency2 ADSL endpoint (MX-01 WAN1)
5G-APAC-0182,A,NC-Agency2,NC-Agency2-MX-01,WAN2,100,100,NC-Agency2 5G endpoint (MX-01 WAN2)
ADSL-APAC-0183,A,PF-Agency1,PF-Agency1-MX-01,WAN1,50,50,PF-Agency1 ADSL endpoint (MX-01 WAN1)
5G-APAC-0183,A,PF-Agency1,PF-Agency1-MX-01,WAN2,100,100,PF-Agency1 5G endpoint (MX-01 WAN2)
ADSL-APAC-0184,A,PF-Agency2,PF-Agency2-MX-01,WAN1,50,50,PF-Agency2 ADSL endpoint (MX-01 WAN1)
5G-APAC-0184,A,PF-Agency2,PF-Agency2-MX-01,WAN2,100,100,PF-Agency2 5G endpoint (MX-01 WAN2)
ADSL-APAC-0185,A,GU-Agency1,GU-Agency1-MX-01,WAN1,50,50,GU-Agency1 ADSL endpoint (MX-01 WAN1)
5G-APAC-0185,A,GU-Agency1,GU-Agency1-MX-01,WAN2,100,100,GU-Agency1 5G endpoint (MX-01 WAN2)
ADSL-APAC-0186,A,GU-Agency2,GU-Agency2-MX-01,WAN1,50,50,GU-Agency2 ADSL endpoint (MX-01 WAN1)
5G-APAC-0186,A,GU-Agency2,GU-Agency2-MX-01,WAN2,100,100,GU-Agency2 5G endpoint (MX-01 WAN2)
ADSL-APAC-0187,A,PW-Agency1,PW-Agency1-MX-01,WAN1,50,50,PW-Agency1 ADSL endpoint (MX-01 WAN1)
5G-APAC-0187,A,PW-Agency1,PW-Agency1-MX-01,WAN2,100,100,PW-Agency1 5G endpoint (MX-01 WAN2)
ADSL-APAC-0188,A,PW-Agency2,PW-Agency2-MX-01,WAN1,50,50,PW-Agency2 ADSL endpoint (MX-01 WAN1)
5G-APAC-0188,A,PW-Agency2,PW-Agency2-MX-01,WAN2,100,100,PW-Agency2 5G endpoint (MX-01 WAN2)
ADSL-APAC-0189,A,FM-Agency1,FM-Agency1-MX-01,WAN1,50,50,FM-Agency1 ADSL endpoint (MX-01 WAN1)
5G-APAC-0189,A,FM-Agency1,FM-Agency1-MX-01,WAN2,100,100,FM-Agency1 5G endpoint (MX-01 WAN2)
ADSL-APAC-0190,A,FM-Agency2,FM-Agency2-MX-01,WAN1,50,50,FM-Agency2 ADSL endpoint (MX-01 WAN1)
5G-APAC-0190,A,FM-Agency2,FM-Agency2-MX-01,WAN2,100,100,FM-Agency2 5G endpoint (MX-01 WAN2)
ADSL-APAC-0191,A,MH-Agency1,MH-Agency1-MX-01,WAN1,50,50,MH-Agency1 ADSL endpoint (MX-01 WAN1)
5G-APAC-0191,A,MH-Agency1,MH-Agency1-MX-01,WAN2,100,100,MH-Agency1 5G endpoint (MX-01 WAN2)
ADSL-APAC-0192,A,MH-Agency2,MH-Agency2-MX-01,WAN1,50,50,MH-Agency2 ADSL endpoint (MX-01 WAN1)
5G-APAC-0192,A,MH-Agency2,MH-Agency2-MX-01,WAN2,100,100,MH-Agency2 5G endpoint (MX-01 WAN2)
ADSL-APAC-0193,A,KI-Agency1,KI-Agency1-MX-01,WAN1,50,50,KI-Agency1 ADSL endpoint (MX-01 WAN1)
5G-APAC-0193,A,KI-Agency1,KI-Agency1-MX-01,WAN2,100,100,KI-Agency1 5G endpoint (MX-01 WAN2)
ADSL-APAC-0194,A,KI-Agency2,KI-Agency2-MX-01,WAN1,50,50,KI-Agency2 ADSL endpoint (MX-01 WAN1)
5G-APAC-0194,A,KI-Agency2,KI-Agency2-MX-01,WAN2,100,100,KI-Agency2 5G endpoint (MX-01 WAN2)
ADSL-APAC-0195,A,NR-Agency1,NR-Agency1-MX-01,WAN1,50,50,NR-Agency1 ADSL endpoint (MX-01 WAN1)
5G-APAC-0195,A,NR-Agency1,NR-Agency1-MX-01,WAN2,100,100,NR-Agency1 5G endpoint (MX-01 WAN2)
ADSL-APAC-0196,A,NR-Agency2,NR-Agency2-MX-01,WAN1,50,50,NR-Agency2 ADSL endpoint (MX-01 WAN1)
5G-APAC-0196,A,NR-Agency2,NR-Agency2-MX-01,WAN2,100,100,NR-Agency2 5G endpoint (MX-01 WAN2)
ADSL-APAC-0197,A,TV-Agency1,TV-Agency1-MX-01,WAN1,50,50,TV-Agency1 ADSL endpoint (MX-01 WAN1)
5G-APAC-0197,A,TV-Agency1,TV-Agency1-MX-01,WAN2,100,100,TV-Agency1 5G endpoint (MX-01 WAN2)
ADSL-APAC-0198,A,TV-Agency2,TV-Agency2-MX-01,WAN1,50,50,TV-Agency2 ADSL endpoint (MX-01 WAN1)
5G-APAC-0198,A,TV-Agency2,TV-Agency2-MX-01,WAN2,100,100,TV-Agency2 5G endpoint (MX-01 WAN2)
ADSL-APAC-0199,A,KZ-Agency1,KZ-Agency1-MX-01,WAN1,50,50,KZ-Agency1 ADSL endpoint (MX-01 WAN1)
5G-APAC-0199,A,KZ-Agency1,KZ-Agency1-MX-01,WAN2,100,100,KZ-Agency1 5G endpoint (MX-01 WAN2)
ADSL-APAC-0200,A,KZ-Agency2,KZ-Agency2-MX-01,WAN1,50,50,KZ-Agency2 ADSL endpoint (MX-01 WAN1)
5G-APAC-0200,A,KZ-Agency2,KZ-Agency2-MX-01,WAN2,100,100,KZ-Agency2 5G endpoint (MX-01 WAN2)
ADSL-APAC-0201,A,UZ-Agency1,UZ-Agency1-MX-01,WAN1,50,50,UZ-Agency1 ADSL endpoint (MX-01 WAN1)
5G-APAC-0201,A,UZ-Agency1,UZ-Agency1-MX-01,WAN2,100,100,UZ-Agency1 5G endpoint (MX-01 WAN2)
ADSL-APAC-0202,A,UZ-Agency2,UZ-Agency2-MX-01,WAN1,50,50,UZ-Agency2 ADSL endpoint (MX-01 WAN1)
5G-APAC-0202,A,UZ-Agency2,UZ-Agency2-MX-01,WAN2,100,100,UZ-Agency2 5G endpoint (MX-01 WAN2)
ADSL-APAC-0203,A,TM-Agency1,TM-Agency1-MX-01,WAN1,50,50,TM-Agency1 ADSL endpoint (MX-01 WAN1)
5G-APAC-0203,A,TM-Agency1,TM-Agency1-MX-01,WAN2,100,100,TM-Agency1 5G endpoint (MX-01 WAN2)
ADSL-APAC-0204,A,TM-Agency2,TM-Agency2-MX-01,WAN1,50,50,TM-Agency2 ADSL endpoint (MX-01 WAN1)
5G-APAC-0204,A,TM-Agency2,TM-Agency2-MX-01,WAN2,100,100,TM-Agency2 5G endpoint (MX-01 WAN2)
ADSL-APAC-0205,A,KG-Agency1,KG-Agency1-MX-01,WAN1,50,50,KG-Agency1 ADSL endpoint (MX-01 WAN1)
5G-APAC-0205,A,KG-Agency1,KG-Agency1-MX-01,WAN2,100,100,KG-Agency1 5G endpoint (MX-01 WAN2)
ADSL-APAC-0206,A,KG-Agency2,KG-Agency2-MX-01,WAN1,50,50,KG-Agency2 ADSL endpoint (MX-01 WAN1)
5G-APAC-0206,A,KG-Agency2,KG-Agency2-MX-01,WAN2,100,100,KG-Agency2 5G endpoint (MX-01 WAN2)
ADSL-APAC-0207,A,TJ-Agency1,TJ-Agency1-MX-01,WAN1,50,50,TJ-Agency1 ADSL endpoint (MX-01 WAN1)
5G-APAC-0207,A,TJ-Agency1,TJ-Agency1-MX-01,WAN2,100,100,TJ-Agency1 5G endpoint (MX-01 WAN2)
ADSL-APAC-0208,A,TJ-Agency2,TJ-Agency2-MX-01,WAN1,50,50,TJ-Agency2 ADSL endpoint (MX-01 WAN1)
5G-APAC-0208,A,TJ-Agency2,TJ-Agency2-MX-01,WAN2,100,100,TJ-Agency2 5G endpoint (MX-01 WAN2)
ADSL-AMER-0209,A,US-Agency1,US-Agency1-MX-01,WAN1,50,50,US-Agency1 ADSL endpoint (MX-01 WAN1)
5G-AMER-0209,A,US-Agency1,US-Agency1-MX-01,WAN2,100,100,US-Agency1 5G endpoint (MX-01 WAN2)
ADSL-AMER-0210,A,US-Agency2,US-Agency2-MX-01,WAN1,50,50,US-Agency2 ADSL endpoint (MX-01 WAN1)
5G-AMER-0210,A,US-Agency2,US-Agency2-MX-01,WAN2,100,100,US-Agency2 5G endpoint (MX-01 WAN2)
ADSL-AMER-0211,A,CA-Agency1,CA-Agency1-MX-01,WAN1,50,50,CA-Agency1 ADSL endpoint (MX-01 WAN1)
5G-AMER-0211,A,CA-Agency1,CA-Agency1-MX-01,WAN2,100,100,CA-Agency1 5G endpoint (MX-01 WAN2)
ADSL-AMER-0212,A,CA-Agency2,CA-Agency2-MX-01,WAN1,50,50,CA-Agency2 ADSL endpoint (MX-01 WAN1)
5G-AMER-0212,A,CA-Agency2,CA-Agency2-MX-01,WAN2,100,100,CA-Agency2 5G endpoint (MX-01 WAN2)
ADSL-AMER-0213,A,MX-Agency1,MX-Agency1-MX-01,WAN1,50,50,MX-Agency1 ADSL endpoint (MX-01 WAN1)
5G-AMER-0213,A,MX-Agency1,MX-Agency1-MX-01,WAN2,100,100,MX-Agency1 5G endpoint (MX-01 WAN2)
ADSL-AMER-0214,A,MX-Agency2,MX-Agency2-MX-01,WAN1,50,50,MX-Agency2 ADSL endpoint (MX-01 WAN1)
5G-AMER-0214,A,MX-Agency2,MX-Agency2-MX-01,WAN2,100,100,MX-Agency2 5G endpoint (MX-01 WAN2)
ADSL-AMER-0215,A,GT-Agency1,GT-Agency1-MX-01,WAN1,50,50,GT-Agency1 ADSL endpoint (MX-01 WAN1)
5G-AMER-0215,A,GT-Agency1,GT-Agency1-MX-01,WAN2,100,100,GT-Agency1 5G endpoint (MX-01 WAN2)
ADSL-AMER-0216,A,GT-Agency2,GT-Agency2-MX-01,WAN1,50,50,GT-Agency2 ADSL endpoint (MX-01 WAN1)
5G-AMER-0216,A,GT-Agency2,GT-Agency2-MX-01,WAN2,100,100,GT-Agency2 5G endpoint (MX-01 WAN2)
ADSL-AMER-0217,A,BZ-Agency1,BZ-Agency1-MX-01,WAN1,50,50,BZ-Agency1 ADSL endpoint (MX-01 WAN1)
5G-AMER-0217,A,BZ-Agency1,BZ-Agency1-MX-01,WAN2,100,100,BZ-Agency1 5G endpoint (MX-01 WAN2)
ADSL-AMER-0218,A,BZ-Agency2,BZ-Agency2-MX-01,WAN1,50,50,BZ-Agency2 ADSL endpoint (MX-01 WAN1)
5G-AMER-0218,A,BZ-Agency2,BZ-Agency2-MX-01,WAN2,100,100,BZ-Agency2 5G endpoint (MX-01 WAN2)
ADSL-AMER-0219,A,HN-Agency1,HN-Agency1-MX-01,WAN1,50,50,HN-Agency1 ADSL endpoint (MX-01 WAN1)
5G-AMER-0219,A,HN-Agency1,HN-Agency1-MX-01,WAN2,100,100,HN-Agency1 5G endpoint (MX-01 WAN2)
ADSL-AMER-0220,A,HN-Agency2,HN-Agency2-MX-01,WAN1,50,50,HN-Agency2 ADSL endpoint (MX-01 WAN1)
5G-AMER-0220,A,HN-Agency2,HN-Agency2-MX-01,WAN2,100,100,HN-Agency2 5G endpoint (MX-01 WAN2)
ADSL-AMER-0221,A,SV-Agency1,SV-Agency1-MX-01,WAN1,50,50,SV-Agency1 ADSL endpoint (MX-01 WAN1)
5G-AMER-0221,A,SV-Agency1,SV-Agency1-MX-01,WAN2,100,100,SV-Agency1 5G endpoint (MX-01 WAN2)
ADSL-AMER-0222,A,SV-Agency2,SV-Agency2-MX-01,WAN1,50,50,SV-Agency2 ADSL endpoint (MX-01 WAN1)
5G-AMER-0222,A,SV-Agency2,SV-Agency2-MX-01,WAN2,100,100,SV-Agency2 5G endpoint (MX-01 WAN2)
ADSL-AMER-0223,A,NI-Agency1,NI-Agency1-MX-01,WAN1,50,50,NI-Agency1 ADSL endpoint (MX-01 WAN1)
5G-AMER-0223,A,NI-Agency1,NI-Agency1-MX-01,WAN2,100,100,NI-Agency1 5G endpoint (MX-01 WAN2)
ADSL-AMER-0224,A,NI-Agency2,NI-Agency2-MX-01,WAN1,50,50,NI-Agency2 ADSL endpoint (MX-01 WAN1)
5G-AMER-0224,A,NI-Agency2,NI-Agency2-MX-01,WAN2,100,100,NI-Agency2 5G endpoint (MX-01 WAN2)
ADSL-AMER-0225,A,CR-Agency1,CR-Agency1-MX-01,WAN1,50,50,CR-Agency1 ADSL endpoint (MX-01 WAN1)
5G-AMER-0225,A,CR-Agency1,CR-Agency1-MX-01,WAN2,100,100,CR-Agency1 5G endpoint (MX-01 WAN2)
ADSL-AMER-0226,A,CR-Agency2,CR-Agency2-MX-01,WAN1,50,50,CR-Agency2 ADSL endpoint (MX-01 WAN1)
5G-AMER-0226,A,CR-Agency2,CR-Agency2-MX-01,WAN2,100,100,CR-Agency2 5G endpoint (MX-01 WAN2)
ADSL-AMER-0227,A,PA-Agency1,PA-Agency1-MX-01,WAN1,50,50,PA-Agency1 ADSL endpoint (MX-01 WAN1)
5G-AMER-0227,A,PA-Agency1,PA-Agency1-MX-01,WAN2,100,100,PA-Agency1 5G endpoint (MX-01 WAN2)
ADSL-AMER-0228,A,PA-Agency2,PA-Agency2-MX-01,WAN1,50,50,PA-Agency2 ADSL endpoint (MX-01 WAN1)
5G-AMER-0228,A,PA-Agency2,PA-Agency2-MX-01,WAN2,100,100,PA-Agency2 5G endpoint (MX-01 WAN2)
ADSL-AMER-0229,A,CU-Agency1,CU-Agency1-MX-01,WAN1,50,50,CU-Agency1 ADSL endpoint (MX-01 WAN1)
5G-AMER-0229,A,CU-Agency1,CU-Agency1-MX-01,WAN2,100,100,CU-Agency1 5G endpoint (MX-01 WAN2)
ADSL-AMER-0230,A,CU-Agency2,CU-Agency2-MX-01,WAN1,50,50,CU-Agency2 ADSL endpoint (MX-01 WAN1)
5G-AMER-0230,A,CU-Agency2,CU-Agency2-MX-01,WAN2,100,100,CU-Agency2 5G endpoint (MX-01 WAN2)
ADSL-AMER-0231,A,JM-Agency1,JM-Agency1-MX-01,WAN1,50,50,JM-Agency1 ADSL endpoint (MX-01 WAN1)
5G-AMER-0231,A,JM-Agency1,JM-Agency1-MX-01,WAN2,100,100,JM-Agency1 5G endpoint (MX-01 WAN2)
ADSL-AMER-0232,A,JM-Agency2,JM-Agency2-MX-01,WAN1,50,50,JM-Agency2 ADSL endpoint (MX-01 WAN1)
5G-AMER-0232,A,JM-Agency2,JM-Agency2-MX-01,WAN2,100,100,JM-Agency2 5G endpoint (MX-01 WAN2)
ADSL-AMER-0233,A,HT-Agency1,HT-Agency1-MX-01,WAN1,50,50,HT-Agency1 ADSL endpoint (MX-01 WAN1)
5G-AMER-0233,A,HT-Agency1,HT-Agency1-MX-01,WAN2,100,100,HT-Agency1 5G endpoint (MX-01 WAN2)
ADSL-AMER-0234,A,HT-Agency2,HT-Agency2-MX-01,WAN1,50,50,HT-Agency2 ADSL endpoint (MX-01 WAN1)
5G-AMER-0234,A,HT-Agency2,HT-Agency2-MX-01,WAN2,100,100,HT-Agency2 5G endpoint (MX-01 WAN2)
ADSL-AMER-0235,A,DO-Agency1,DO-Agency1-MX-01,WAN1,50,50,DO-Agency1 ADSL endpoint (MX-01 WAN1)
5G-AMER-0235,A,DO-Agency1,DO-Agency1-MX-01,WAN2,100,100,DO-Agency1 5G endpoint (MX-01 WAN2)
ADSL-AMER-0236,A,DO-Agency2,DO-Agency2-MX-01,WAN1,50,50,DO-Agency2 ADSL endpoint (MX-01 WAN1)
5G-AMER-0236,A,DO-Agency2,DO-Agency2-MX-01,WAN2,100,100,DO-Agency2 5G endpoint (MX-01 WAN2)
ADSL-AMER-0237,A,PR-Agency1,PR-Agency1-MX-01,WAN1,50,50,PR-Agency1 ADSL endpoint (MX-01 WAN1)
5G-AMER-0237,A,PR-Agency1,PR-Agency1-MX-01,WAN2,100,100,PR-Agency1 5G endpoint (MX-01 WAN2)
ADSL-AMER-0238,A,PR-Agency2,PR-Agency2-MX-01,WAN1,50,50,PR-Agency2 ADSL endpoint (MX-01 WAN1)
5G-AMER-0238,A,PR-Agency2,PR-Agency2-MX-01,WAN2,100,100,PR-Agency2 5G endpoint (MX-01 WAN2)
ADSL-AMER-0239,A,BS-Agency1,BS-Agency1-MX-01,WAN1,50,50,BS-Agency1 ADSL endpoint (MX-01 WAN1)
5G-AMER-0239,A,BS-Agency1,BS-Agency1-MX-01,WAN2,100,100,BS-Agency1 5G endpoint (MX-01 WAN2)
ADSL-AMER-0240,A,BS-Agency2,BS-Agency2-MX-01,WAN1,50,50,BS-Agency2 ADSL endpoint (MX-01 WAN1)
5G-AMER-0240,A,BS-Agency2,BS-Agency2-MX-01,WAN2,100,100,BS-Agency2 5G endpoint (MX-01 WAN2)
ADSL-AMER-0241,A,TT-Agency1,TT-Agency1-MX-01,WAN1,50,50,TT-Agency1 ADSL endpoint (MX-01 WAN1)
5G-AMER-0241,A,TT-Agency1,TT-Agency1-MX-01,WAN2,100,100,TT-Agency1 5G endpoint (MX-01 WAN2)
ADSL-AMER-0242,A,TT-Agency2,TT-Agency2-MX-01,WAN1,50,50,TT-Agency2 ADSL endpoint (MX-01 WAN1)
5G-AMER-0242,A,TT-Agency2,TT-Agency2-MX-01,WAN2,100,100,TT-Agency2 5G endpoint (MX-01 WAN2)
ADSL-AMER-0243,A,BB-Agency1,BB-Agency1-MX-01,WAN1,50,50,BB-Agency1 ADSL endpoint (MX-01 WAN1)
5G-AMER-0243,A,BB-Agency1,BB-Agency1-MX-01,WAN2,100,100,BB-Agency1 5G endpoint (MX-01 WAN2)
ADSL-AMER-0244,A,BB-Agency2,BB-Agency2-MX-01,WAN1,50,50,BB-Agency2 ADSL endpoint (MX-01 WAN1)
5G-AMER-0244,A,BB-Agency2,BB-Agency2-MX-01,WAN2,100,100,BB-Agency2 5G endpoint (MX-01 WAN2)
ADSL-AMER-0245,A,LC-Agency1,LC-Agency1-MX-01,WAN1,50,50,LC-Agency1 ADSL endpoint (MX-01 WAN1)
5G-AMER-0245,A,LC-Agency1,LC-Agency1-MX-01,WAN2,100,100,LC-Agency1 5G endpoint (MX-01 WAN2)
ADSL-AMER-0246,A,LC-Agency2,LC-Agency2-MX-01,WAN1,50,50,LC-Agency2 ADSL endpoint (MX-01 WAN1)
5G-AMER-0246,A,LC-Agency2,LC-Agency2-MX-01,WAN2,100,100,LC-Agency2 5G endpoint (MX-01 WAN2)
ADSL-AMER-0247,A,GD-Agency1,GD-Agency1-MX-01,WAN1,50,50,GD-Agency1 ADSL endpoint (MX-01 WAN1)
5G-AMER-0247,A,GD-Agency1,GD-Agency1-MX-01,WAN2,100,100,GD-Agency1 5G endpoint (MX-01 WAN2)
ADSL-AMER-0248,A,GD-Agency2,GD-Agency2-MX-01,WAN1,50,50,GD-Agency2 ADSL endpoint (MX-01 WAN1)
5G-AMER-0248,A,GD-Agency2,GD-Agency2-MX-01,WAN2,100,100,GD-Agency2 5G endpoint (MX-01 WAN2)
ADSL-AMER-0249,A,VC-Agency1,VC-Agency1-MX-01,WAN1,50,50,VC-Agency1 ADSL endpoint (MX-01 WAN1)
5G-AMER-0249,A,VC-Agency1,VC-Agency1-MX-01,WAN2,100,100,VC-Agency1 5G endpoint (MX-01 WAN2)
ADSL-AMER-0250,A,VC-Agency2,VC-Agency2-MX-01,WAN1,50,50,VC-Agency2 ADSL endpoint (MX-01 WAN1)
5G-AMER-0250,A,VC-Agency2,VC-Agency2-MX-01,WAN2,100,100,VC-Agency2 5G endpoint (MX-01 WAN2)
ADSL-AMER-0251,A,AG-Agency1,AG-Agency1-MX-01,WAN1,50,50,AG-Agency1 ADSL endpoint (MX-01 WAN1)
5G-AMER-0251,A,AG-Agency1,AG-Agency1-MX-01,WAN2,100,100,AG-Agency1 5G endpoint (MX-01 WAN2)
ADSL-AMER-0252,A,AG-Agency2,AG-Agency2-MX-01,WAN1,50,50,AG-Agency2 ADSL endpoint (MX-01 WAN1)
5G-AMER-0252,A,AG-Agency2,AG-Agency2-MX-01,WAN2,100,100,AG-Agency2 5G endpoint (MX-01 WAN2)
ADSL-AMER-0253,A,DM-Agency1,DM-Agency1-MX-01,WAN1,50,50,DM-Agency1 ADSL endpoint (MX-01 WAN1)
5G-AMER-0253,A,DM-Agency1,DM-Agency1-MX-01,WAN2,100,100,DM-Agency1 5G endpoint (MX-01 WAN2)
ADSL-AMER-0254,A,DM-Agency2,DM-Agency2-MX-01,WAN1,50,50,DM-Agency2 ADSL endpoint (MX-01 WAN1)
5G-AMER-0254,A,DM-Agency2,DM-Agency2-MX-01,WAN2,100,100,DM-Agency2 5G endpoint (MX-01 WAN2)
ADSL-AMER-0255,A,KN-Agency1,KN-Agency1-MX-01,WAN1,50,50,KN-Agency1 ADSL endpoint (MX-01 WAN1)
5G-AMER-0255,A,KN-Agency1,KN-Agency1-MX-01,WAN2,100,100,KN-Agency1 5G endpoint (MX-01 WAN2)
ADSL-AMER-0256,A,KN-Agency2,KN-Agency2-MX-01,WAN1,50,50,KN-Agency2 ADSL endpoint (MX-01 WAN1)
5G-AMER-0256,A,KN-Agency2,KN-Agency2-MX-01,WAN2,100,100,KN-Agency2 5G endpoint (MX-01 WAN2)
ADSL-AMER-0257,A,AW-Agency1,AW-Agency1-MX-01,WAN1,50,50,AW-Agency1 ADSL endpoint (MX-01 WAN1)
5G-AMER-0257,A,AW-Agency1,AW-Agency1-MX-01,WAN2,100,100,AW-Agency1 5G endpoint (MX-01 WAN2)
ADSL-AMER-0258,A,AW-Agency2,AW-Agency2-MX-01,WAN1,50,50,AW-Agency2 ADSL endpoint (MX-01 WAN1)
5G-AMER-0258,A,AW-Agency2,AW-Agency2-MX-01,WAN2,100,100,AW-Agency2 5G endpoint (MX-01 WAN2)
ADSL-AMER-0259,A,CW-Agency1,CW-Agency1-MX-01,WAN1,50,50,CW-Agency1 ADSL endpoint (MX-01 WAN1)
5G-AMER-0259,A,CW-Agency1,CW-Agency1-MX-01,WAN2,100,100,CW-Agency1 5G endpoint (MX-01 WAN2)
ADSL-AMER-0260,A,CW-Agency2,CW-Agency2-MX-01,WAN1,50,50,CW-Agency2 ADSL endpoint (MX-01 WAN1)
5G-AMER-0260,A,CW-Agency2,CW-Agency2-MX-01,WAN2,100,100,CW-Agency2 5G endpoint (MX-01 WAN2)
ADSL-AMER-0261,A,KY-Agency1,KY-Agency1-MX-01,WAN1,50,50,KY-Agency1 ADSL endpoint (MX-01 WAN1)
5G-AMER-0261,A,KY-Agency1,KY-Agency1-MX-01,WAN2,100,100,KY-Agency1 5G endpoint (MX-01 WAN2)
ADSL-AMER-0262,A,KY-Agency2,KY-Agency2-MX-01,WAN1,50,50,KY-Agency2 ADSL endpoint (MX-01 WAN1)
5G-AMER-0262,A,KY-Agency2,KY-Agency2-MX-01,WAN2,100,100,KY-Agency2 5G endpoint (MX-01 WAN2)
ADSL-AMER-0263,A,VG-Agency1,VG-Agency1-MX-01,WAN1,50,50,VG-Agency1 ADSL endpoint (MX-01 WAN1)
5G-AMER-0263,A,VG-Agency1,VG-Agency1-MX-01,WAN2,100,100,VG-Agency1 5G endpoint (MX-01 WAN2)
ADSL-AMER-0264,A,VG-Agency2,VG-Agency2-MX-01,WAN1,50,50,VG-Agency2 ADSL endpoint (MX-01 WAN1)
5G-AMER-0264,A,VG-Agency2,VG-Agency2-MX-01,WAN2,100,100,VG-Agency2 5G endpoint (MX-01 WAN2)
ADSL-AMER-0265,A,VI-Agency1,VI-Agency1-MX-01,WAN1,50,50,VI-Agency1 ADSL endpoint (MX-01 WAN1)
5G-AMER-0265,A,VI-Agency1,VI-Agency1-MX-01,WAN2,100,100,VI-Agency1 5G endpoint (MX-01 WAN2)
ADSL-AMER-0266,A,VI-Agency2,VI-Agency2-MX-01,WAN1,50,50,VI-Agency2 ADSL endpoint (MX-01 WAN1)
5G-AMER-0266,A,VI-Agency2,VI-Agency2-MX-01,WAN2,100,100,VI-Agency2 5G endpoint (MX-01 WAN2)
ADSL-AMER-0267,A,BR-Agency1,BR-Agency1-MX-01,WAN1,50,50,BR-Agency1 ADSL endpoint (MX-01 WAN1)
5G-AMER-0267,A,BR-Agency1,BR-Agency1-MX-01,WAN2,100,100,BR-Agency1 5G endpoint (MX-01 WAN2)
ADSL-AMER-0268,A,BR-Agency2,BR-Agency2-MX-01,WAN1,50,50,BR-Agency2 ADSL endpoint (MX-01 WAN1)
5G-AMER-0268,A,BR-Agency2,BR-Agency2-MX-01,WAN2,100,100,BR-Agency2 5G endpoint (MX-01 WAN2)
ADSL-AMER-0269,A,AR-Agency1,AR-Agency1-MX-01,WAN1,50,50,AR-Agency1 ADSL endpoint (MX-01 WAN1)
5G-AMER-0269,A,AR-Agency1,AR-Agency1-MX-01,WAN2,100,100,AR-Agency1 5G endpoint (MX-01 WAN2)
ADSL-AMER-0270,A,AR-Agency2,AR-Agency2-MX-01,WAN1,50,50,AR-Agency2 ADSL endpoint (MX-01 WAN1)
5G-AMER-0270,A,AR-Agency2,AR-Agency2-MX-01,WAN2,100,100,AR-Agency2 5G endpoint (MX-01 WAN2)
ADSL-AMER-0271,A,CO-Agency1,CO-Agency1-MX-01,WAN1,50,50,CO-Agency1 ADSL endpoint (MX-01 WAN1)
5G-AMER-0271,A,CO-Agency1,CO-Agency1-MX-01,WAN2,100,100,CO-Agency1 5G endpoint (MX-01 WAN2)
ADSL-AMER-0272,A,CO-Agency2,CO-Agency2-MX-01,WAN1,50,50,CO-Agency2 ADSL endpoint (MX-01 WAN1)
5G-AMER-0272,A,CO-Agency2,CO-Agency2-MX-01,WAN2,100,100,CO-Agency2 5G endpoint (MX-01 WAN2)
ADSL-AMER-0273,A,PE-Agency1,PE-Agency1-MX-01,WAN1,50,50,PE-Agency1 ADSL endpoint (MX-01 WAN1)
5G-AMER-0273,A,PE-Agency1,PE-Agency1-MX-01,WAN2,100,100,PE-Agency1 5G endpoint (MX-01 WAN2)
ADSL-AMER-0274,A,PE-Agency2,PE-Agency2-MX-01,WAN1,50,50,PE-Agency2 ADSL endpoint (MX-01 WAN1)
5G-AMER-0274,A,PE-Agency2,PE-Agency2-MX-01,WAN2,100,100,PE-Agency2 5G endpoint (MX-01 WAN2)
ADSL-AMER-0275,A,VE-Agency1,VE-Agency1-MX-01,WAN1,50,50,VE-Agency1 ADSL endpoint (MX-01 WAN1)
5G-AMER-0275,A,VE-Agency1,VE-Agency1-MX-01,WAN2,100,100,VE-Agency1 5G endpoint (MX-01 WAN2)
ADSL-AMER-0276,A,VE-Agency2,VE-Agency2-MX-01,WAN1,50,50,VE-Agency2 ADSL endpoint (MX-01 WAN1)
5G-AMER-0276,A,VE-Agency2,VE-Agency2-MX-01,WAN2,100,100,VE-Agency2 5G endpoint (MX-01 WAN2)
ADSL-AMER-0277,A,CL-Agency1,CL-Agency1-MX-01,WAN1,50,50,CL-Agency1 ADSL endpoint (MX-01 WAN1)
5G-AMER-0277,A,CL-Agency1,CL-Agency1-MX-01,WAN2,100,100,CL-Agency1 5G endpoint (MX-01 WAN2)
ADSL-AMER-0278,A,CL-Agency2,CL-Agency2-MX-01,WAN1,50,50,CL-Agency2 ADSL endpoint (MX-01 WAN1)
5G-AMER-0278,A,CL-Agency2,CL-Agency2-MX-01,WAN2,100,100,CL-Agency2 5G endpoint (MX-01 WAN2)
ADSL-AMER-0279,A,EC-Agency1,EC-Agency1-MX-01,WAN1,50,50,EC-Agency1 ADSL endpoint (MX-01 WAN1)
5G-AMER-0279,A,EC-Agency1,EC-Agency1-MX-01,WAN2,100,100,EC-Agency1 5G endpoint (MX-01 WAN2)
ADSL-AMER-0280,A,EC-Agency2,EC-Agency2-MX-01,WAN1,50,50,EC-Agency2 ADSL endpoint (MX-01 WAN1)
5G-AMER-0280,A,EC-Agency2,EC-Agency2-MX-01,WAN2,100,100,EC-Agency2 5G endpoint (MX-01 WAN2)
ADSL-AMER-0281,A,BO-Agency1,BO-Agency1-MX-01,WAN1,50,50,BO-Agency1 ADSL endpoint (MX-01 WAN1)
5G-AMER-0281,A,BO-Agency1,BO-Agency1-MX-01,WAN2,100,100,BO-Agency1 5G endpoint (MX-01 WAN2)
ADSL-AMER-0282,A,BO-Agency2,BO-Agency2-MX-01,WAN1,50,50,BO-Agency2 ADSL endpoint (MX-01 WAN1)
5G-AMER-0282,A,BO-Agency2,BO-Agency2-MX-01,WAN2,100,100,BO-Agency2 5G endpoint (MX-01 WAN2)
ADSL-AMER-0283,A,PY-Agency1,PY-Agency1-MX-01,WAN1,50,50,PY-Agency1 ADSL endpoint (MX-01 WAN1)
5G-AMER-0283,A,PY-Agency1,PY-Agency1-MX-01,WAN2,100,100,PY-Agency1 5G endpoint (MX-01 WAN2)
ADSL-AMER-0284,A,PY-Agency2,PY-Agency2-MX-01,WAN1,50,50,PY-Agency2 ADSL endpoint (MX-01 WAN1)
5G-AMER-0284,A,PY-Agency2,PY-Agency2-MX-01,WAN2,100,100,PY-Agency2 5G endpoint (MX-01 WAN2)
ADSL-AMER-0285,A,UY-Agency1,UY-Agency1-MX-01,WAN1,50,50,UY-Agency1 ADSL endpoint (MX-01 WAN1)
5G-AMER-0285,A,UY-Agency1,UY-Agency1-MX-01,WAN2,100,100,UY-Agency1 5G endpoint (MX-01 WAN2)
ADSL-AMER-0286,A,UY-Agency2,UY-Agency2-MX-01,WAN1,50,50,UY-Agency2 ADSL endpoint (MX-01 WAN1)
5G-AMER-0286,A,UY-Agency2,UY-Agency2-MX-01,WAN2,100,100,UY-Agency2 5G endpoint (MX-01 WAN2)
ADSL-AMER-0287,A,GY-Agency1,GY-Agency1-MX-01,WAN1,50,50,GY-Agency1 ADSL endpoint (MX-01 WAN1)
5G-AMER-0287,A,GY-Agency1,GY-Agency1-MX-01,WAN2,100,100,GY-Agency1 5G endpoint (MX-01 WAN2)
ADSL-AMER-0288,A,GY-Agency2,GY-Agency2-MX-01,WAN1,50,50,GY-Agency2 ADSL endpoint (MX-01 WAN1)
5G-AMER-0288,A,GY-Agency2,GY-Agency2-MX-01,WAN2,100,100,GY-Agency2 5G endpoint (MX-01 WAN2)
ADSL-AMER-0289,A,SR-Agency1,SR-Agency1-MX-01,WAN1,50,50,SR-Agency1 ADSL endpoint (MX-01 WAN1)
5G-AMER-0289,A,SR-Agency1,SR-Agency1-MX-01,WAN2,100,100,SR-Agency1 5G endpoint (MX-01 WAN2)
ADSL-AMER-0290,A,SR-Agency2,SR-Agency2-MX-01,WAN1,50,50,SR-Agency2 ADSL endpoint (MX-01 WAN1)
5G-AMER-0290,A,SR-Agency2,SR-Agency2-MX-01,WAN2,100,100,SR-Agency2 5G endpoint (MX-01 WAN2)
ADSL-AMER-0291,A,GF-Agency1,GF-Agency1-MX-01,WAN1,50,50,GF-Agency1 ADSL endpoint (MX-01 WAN1)
5G-AMER-0291,A,GF-Agency1,GF-Agency1-MX-01,WAN2,100,100,GF-Agency1 5G endpoint (MX-01 WAN2)
ADSL-AMER-0292,A,GF-Agency2,GF-Agency2-MX-01,WAN1,50,50,GF-Agency2 ADSL endpoint (MX-01 WAN1)
5G-AMER-0292,A,GF-Agency2,GF-Agency2-MX-01,WAN2,100,100,GF-Agency2 5G endpoint (MX-01 WAN2)
